gene,alt_frac,is_tf
A0A1B0GTW7,0.2,False
A0AUZ9,0.47058823529411764,False
A0AV02,0.3333333333333333,False
A0AVF1,0.19230769230769232,False
A0AVT1,0.5217391304347826,False
A0JP26,0.4444444444444444,False
A0MZ66,0.35064935064935066,False
A0PJE2,0.375,False
A0PJK1,0.3055555555555556,False
A0PJY2,0.3333333333333333,True
A1A4V9,0.6923076923076923,False
A1A519,0.45454545454545453,True
A1A5C7,1.0,False
A1L390,0.06666666666666667,False
A1XBS5,0.42857142857142855,False
A1Z1Q3,0.7272727272727273,False
A2A2Y4,1.0,False
A2AJT9,0.09090909090909091,False
A2RRH5,0.14285714285714285,False
A2RRL7,1.0,False
A2RTY3,0.3333333333333333,False
A2RU30,0.5384615384615384,False
A2RU49,0.4,False
A2RUB6,0.09090909090909091,False
A2RUS2,0.06976744186046512,False
A2VDJ0,0.08571428571428572,False
A3KMH1,0.323943661971831,False
A3KN83,0.06451612903225806,False
A4D161,0.5,False
A4D1E9,0.8636363636363636,False
A4D1P6,0.21428571428571427,False
A4FU01,0.23529411764705882,False
A4FU49,0.2682926829268293,False
A4FU69,0.4117647058823529,False
A4UGR9,0.52,False
A5D8W1,0.7222222222222222,False
A5PL33,0.16129032258064516,False
A5PLN7,0.38461538461538464,False
A5PLN9,0.28,False
A5X5Y0,0.48717948717948717,False
A5YKK6,0.3411764705882353,False
A5YM72,0.64,False
A6BM72,0.09523809523809523,False
A6H8Z2,0.6,False
A6NC86,0.7692307692307693,False
A6NCI4,0.7560975609756098,False
A6NDV4,0.38461538461538464,False
A6NDY0,0.38461538461538464,False
A6NFC5,0.5,False
A6NFQ2,0.42857142857142855,False
A6NFR6,0.5555555555555556,False
A6NI73,0.38461538461538464,False
A6NJ78,0.7647058823529411,False
A6NKB5,0.6363636363636364,False
A6NNP5,0.5161290322580645,False
A6PVS8,0.8,False
A6QL63,0.9253731343283582,False
A7E2V4,0.038461538461538464,False
A7KAX9,0.35294117647058826,False
A8K0R7,0.3333333333333333,False
A8K830,0.75,False
A8K8P3,0.08943089430894309,False
A8K979,0.5428571428571428,False
A8MPS7,1.0,False
A8MPX8,0.6666666666666666,False
A8MQ27,0.7692307692307693,False
A8MT69,0.7692307692307693,True
A8MT70,0.1111111111111111,False
A8MTZ0,1.0,False
A8MVW5,0.3,False
A8MW92,0.6296296296296297,False
A8MWY0,0.14285714285714285,False
A9UHW6,0.11764705882352941,False
B2RTY4,0.012345679012345678,False
B4DS77,1.0,False
B7ZAQ6,0.8125,False
C9JH25,0.3333333333333333,False
E5RJM6,1.0,False
M0R2J8,0.8125,False
O00139,0.13559322033898305,False
O00141,0.26229508196721313,False
O00142,0.4318181818181818,False
O00148,0.34782608695652173,False
O00154,0.3225806451612903,False
O00159,0.05263157894736842,False
O00165,1.0,False
O00167,0.07142857142857142,False
O00182,0.38461538461538464,False
O00206,0.6,False
O00213,0.25925925925925924,False
O00222,0.4444444444444444,False
O00233,0.8125,False
O00291,0.07692307692307693,False
O00305,0.25925925925925924,False
O00308,1.0,False
O00327,0.26666666666666666,True
O00330,0.5294117647058824,False
O00339,0.1509433962264151,False
O00408,0.3055555555555556,False
O00410,0.05660377358490566,False
O00429,0.125,False
O00444,0.15217391304347827,False
O00451,0.375,False
O00453,1.0,False
O00463,0.3333333333333333,False
O00469,0.5714285714285714,False
O00481,0.3333333333333333,False
O00482,0.42857142857142855,True
O00499,0.29239766081871343,False
O00506,0.3,False
O00522,0.03225806451612903,False
O00534,0.38461538461538464,False
O00555,0.08695652173913043,False
O00560,0.375,False
O00624,0.3225806451612903,False
O00712,0.6785714285714286,True
O00743,0.42857142857142855,False
O00748,0.25,False
O00762,0.8181818181818182,False
O00764,0.23809523809523808,False
O14490,0.391304347826087,False
O14497,0.1864406779661017,False
O14511,0.6949152542372882,False
O14513,0.058823529411764705,False
O14521,1.0,False
O14525,0.16176470588235295,False
O14526,0.08,False
O14559,0.288135593220339,False
O14576,0.15584415584415584,False
O14578,0.010752688172043012,False
O14579,0.25,False
O14593,0.2,False
O14607,0.34615384615384615,False
O14617,0.0967741935483871,False
O14628,0.5714285714285714,True
O14639,0.4117647058823529,False
O14647,0.6206896551724138,False
O14653,0.5,False
O14662,0.8695652173913043,False
O14717,0.8571428571428571,False
O14727,0.8165137614678899,False
O14733,0.29411764705882354,False
O14735,0.2727272727272727,False
O14744,0.3670886075949367,False
O14746,0.6923076923076923,False
O14757,0.29411764705882354,False
O14763,0.2631578947368421,False
O14770,0.46835443037974683,True
O14772,0.3333333333333333,False
O14775,0.25,False
O14786,0.325,False
O14788,0.1111111111111111,False
O14791,0.6,False
O14818,1.0,False
O14829,0.0967741935483871,False
O14836,0.3333333333333333,False
O14874,0.2,False
O14924,0.20408163265306123,False
O14931,0.5294117647058824,False
O14936,0.16030534351145037,False
O14939,0.08333333333333333,False
O14948,0.5,True
O14966,0.75,False
O14974,0.17525773195876287,False
O14979,0.14285714285714285,False
O14983,0.22580645161290322,False
O14986,0.10810810810810811,False
O15013,0.18584070796460178,False
O15021,1.0,False
O15027,0.1,False
O15056,0.07407407407407407,False
O15061,0.3076923076923077,False
O15068,0.12790697674418605,False
O15075,0.26666666666666666,False
O15084,0.13725490196078433,False
O15091,0.52,False
O15105,1.0,False
O15117,0.16666666666666666,False
O15119,0.06666666666666667,True
O15123,0.3076923076923077,False
O15146,0.1724137931034483,False
O15151,0.8571428571428571,False
O15165,1.0,False
O15229,0.18181818181818182,False
O15231,0.631578947368421,False
O15245,0.4444444444444444,False
O15259,0.28205128205128205,False
O15260,0.47058823529411764,False
O15265,0.34375,False
O15294,0.09090909090909091,False
O15296,0.3076923076923077,False
O15315,0.1,False
O15350,0.475,True
O15360,0.71875,False
O15374,0.5714285714285714,False
O15381,0.25,False
O15392,1.0,False
O15409,0.9130434782608695,True
O15438,0.7468354430379747,False
O15439,0.3333333333333333,False
O15440,0.7222222222222222,False
O15444,0.4,False
O15488,0.5,False
O15504,0.42857142857142855,False
O15519,0.7407407407407407,False
O15527,0.6862745098039216,False
O15530,0.43243243243243246,False
O15539,1.0,False
O15553,0.2222222222222222,False
O43147,0.1,True
O43157,0.7469879518072289,False
O43166,0.11475409836065574,False
O43182,0.3333333333333333,False
O43184,0.14285714285714285,False
O43196,0.08333333333333333,False
O43236,1.0,False
O43251,0.6111111111111112,False
O43281,0.6470588235294118,False
O43283,1.0,False
O43295,0.045454545454545456,False
O43299,0.1875,False
O43307,0.3333333333333333,False
O43312,0.68,False
O43318,0.1875,False
O43379,0.6235294117647059,False
O43390,0.4594594594594595,False
O43399,0.5882352941176471,False
O43414,0.25,False
O43426,0.05434782608695652,False
O43432,0.797979797979798,False
O43435,0.125,True
O43439,0.6875,False
O43464,0.5714285714285714,False
O43474,0.5,True
O43490,0.14285714285714285,False
O43491,0.16129032258064516,False
O43493,0.75,False
O43497,0.2810760667903525,False
O43516,0.2857142857142857,False
O43521,1.0,False
O43526,0.5833333333333334,False
O43541,0.5,False
O43555,0.6666666666666666,False
O43556,0.29411764705882354,False
O43561,0.4444444444444444,False
O43581,0.35384615384615387,False
O43663,0.2857142857142857,False
O43665,0.3333333333333333,False
O43670,0.29411764705882354,True
O43679,0.25,False
O43683,0.1780821917808219,False
O43688,0.47058823529411764,False
O43699,0.8536585365853658,False
O43707,0.2571428571428571,False
O43709,0.2,False
O43734,0.7142857142857143,False
O43759,0.5,False
O43766,0.3225806451612903,False
O43768,1.0,False
O43820,1.0,False
O43822,0.42857142857142855,False
O43837,0.16666666666666666,False
O43852,0.6774193548387096,False
O43914,0.7857142857142857,False
O43929,0.20588235294117646,False
O60229,1.0,False
O60237,1.0,False
O60241,0.08695652173913043,False
O60256,0.4117647058823529,False
O60259,0.7333333333333333,False
O60260,0.7894736842105263,False
O60268,0.4,False
O60271,0.13793103448275862,False
O60291,0.15151515151515152,False
O60293,1.0,False
O60308,0.6052631578947368,False
O60313,0.08771929824561403,False
O60331,0.1044776119402985,False
O60333,0.5555555555555556,False
O60336,0.06666666666666667,False
O60337,0.041666666666666664,False
O60341,0.15,False
O60343,0.15,False
O60443,0.25,False
O60449,1.0,False
O60462,0.5384615384615384,False
O60477,0.3333333333333333,False
O60493,1.0,False
O60502,0.5,False
O60506,0.22580645161290322,False
O60566,0.13043478260869565,False
O60610,0.09090909090909091,False
O60637,0.3684210526315789,False
O60641,0.25,False
O60658,0.7746478873239436,False
O60663,0.375,True
O60664,0.2857142857142857,False
O60667,0.7272727272727273,False
O60671,0.7142857142857143,False
O60701,0.3,False
O60716,0.3871866295264624,False
O60721,0.4,False
O60729,0.1791044776119403,False
O60733,0.03225806451612903,False
O60784,0.3103448275862069,False
O60828,0.782608695652174,False
O60840,0.0625,False
O60858,1.0,False
O60861,0.35135135135135137,False
O60869,0.5714285714285714,False
O60879,0.07407407407407407,False
O60880,1.0,False
O60885,0.2682926829268293,False
O60902,0.25,True
O60909,0.23076923076923078,False
O60941,0.14772727272727273,False
O60942,0.3023255813953488,False
O75023,0.12,False
O75027,0.23404255319148937,False
O75030,0.47368421052631576,True
O75037,0.07246376811594203,False
O75038,0.22727272727272727,False
O75052,0.8636363636363636,False
O75061,0.08928571428571429,False
O75069,0.5294117647058824,False
O75081,0.18181818181818182,False
O75094,0.05555555555555555,False
O75112,0.6129032258064516,False
O75121,1.0,False
O75122,0.5319148936170213,False
O75128,0.49295774647887325,False
O75129,0.6721311475409836,False
O75140,0.4666666666666667,False
O75143,0.21311475409836064,False
O75144,0.4,False
O75147,0.30434782608695654,False
O75150,0.1111111111111111,False
O75154,0.2682926829268293,False
O75167,0.12,False
O75170,0.205607476635514,False
O75177,0.3684210526315789,False
O75179,0.04950495049504951,False
O75182,0.6170212765957447,False
O75185,0.09090909090909091,False
O75190,0.25,False
O75223,1.0,False
O75290,0.7857142857142857,True
O75298,0.35714285714285715,False
O75309,0.22388059701492538,False
O75319,0.3333333333333333,False
O75330,0.23529411764705882,False
O75334,0.6878048780487804,False
O75335,0.15151515151515152,False
O75340,0.6,False
O75344,0.21739130434782608,False
O75365,0.1111111111111111,False
O75367,0.125,False
O75369,0.043478260869565216,False
O75376,0.5321100917431193,False
O75382,0.14285714285714285,False
O75386,0.6896551724137931,False
O75400,0.8666666666666667,False
O75410,0.2602739726027397,False
O75414,0.7777777777777778,False
O75419,0.1111111111111111,False
O75425,0.4,False
O75426,0.5675675675675675,False
O75445,0.6503067484662577,False
O75461,0.3684210526315789,True
O75473,0.1346153846153846,False
O75475,0.3142857142857143,False
O75494,0.4857142857142857,False
O75530,0.25,False
O75534,0.1111111111111111,False
O75553,0.6595744680851063,False
O75569,0.18181818181818182,False
O75575,0.5789473684210527,False
O75578,0.14285714285714285,False
O75582,0.4,False
O75586,0.6086956521739131,False
O75602,0.3225806451612903,False
O75604,0.08333333333333333,False
O75626,0.5,True
O75648,0.6538461538461539,False
O75665,0.5714285714285714,False
O75674,0.5945945945945946,False
O75678,1.0,False
O75688,0.5789473684210527,False
O75689,0.3225806451612903,False
O75771,0.8604651162790697,False
O75815,0.4642857142857143,False
O75820,1.0,True
O75822,0.42857142857142855,False
O75838,0.5714285714285714,False
O75840,1.0,True
O75865,1.0,False
O75882,0.14814814814814814,False
O75888,0.6428571428571429,False
O75891,0.6883116883116883,False
O75908,0.4166666666666667,False
O75914,0.06666666666666667,False
O75916,0.10526315789473684,False
O75923,0.04582651391162029,False
O75925,0.14285714285714285,False
O75928,0.18518518518518517,False
O75935,0.5263157894736842,False
O75943,0.18181818181818182,False
O75952,1.0,False
O75970,0.06666666666666667,False
O76036,0.6774193548387096,False
O76054,0.36363636363636365,False
O76064,0.8333333333333334,False
O76075,0.8235294117647058,False
O76081,0.25,False
O76082,0.23809523809523808,False
O76083,0.2683982683982684,False
O76090,0.3333333333333333,False
O94759,0.09375,False
O94762,0.6226415094339622,False
O94763,0.18181818181818182,False
O94779,0.25,False
O94788,0.3469387755102041,False
O94810,0.20408163265306123,False
O94812,0.12121212121212122,False
O94813,0.07272727272727272,False
O94818,0.6756756756756757,False
O94822,0.06666666666666667,False
O94827,0.17073170731707318,False
O94851,0.2523364485981308,False
O94856,0.503448275862069,False
O94864,0.3076923076923077,False
O94868,0.34,False
O94875,0.3236994219653179,False
O94887,0.2,False
O94901,0.9090909090909091,False
O94905,0.45454545454545453,False
O94916,0.9111111111111111,True
O94921,0.15384615384615385,False
O94925,0.21212121212121213,False
O94929,0.6571428571428571,False
O94956,0.40425531914893614,False
O94966,0.1796875,False
O94967,0.2727272727272727,False
O94972,0.10638297872340426,False
O94973,0.3898305084745763,False
O94979,0.11494252873563218,False
O94983,0.22018348623853212,True
O94986,0.10204081632653061,False
O94988,0.17647058823529413,False
O95049,0.1,False
O95069,0.5384615384615384,False
O95104,0.1864406779661017,False
O95153,0.04918032786885246,False
O95155,0.10714285714285714,False
O95169,0.5714285714285714,False
O95171,0.0967741935483871,False
O95196,0.5714285714285714,False
O95197,0.86,False
O95198,0.2857142857142857,False
O95208,0.375,False
O95236,1.0,False
O95243,0.6052631578947368,True
O95248,0.09016393442622951,False
O95251,0.1791044776119403,True
O95255,1.0,False
O95256,0.2222222222222222,False
O95258,0.22580645161290322,False
O95263,0.7297297297297297,False
O95267,0.32432432432432434,False
O95273,0.23809523809523808,False
O95278,1.0,False
O95294,0.23809523809523808,False
O95297,0.7857142857142857,False
O95298,1.0,False
O95302,0.4642857142857143,False
O95319,0.35135135135135137,False
O95352,0.11764705882352941,False
O95359,0.3230769230769231,False
O95379,0.5,False
O95382,0.08771929824561403,False
O95388,1.0,False
O95394,0.21052631578947367,False
O95398,0.4507042253521127,False
O95405,0.09090909090909091,False
O95425,0.1,False
O95428,0.1038961038961039,False
O95453,0.38823529411764707,False
O95460,0.3333333333333333,False
O95466,0.07692307692307693,False
O95487,0.125,False
O95490,0.15602836879432624,False
O95498,0.6296296296296297,False
O95544,0.25,False
O95600,0.6,True
O95628,0.4166666666666667,False
O95639,0.375,False
O95644,0.6538461538461539,True
O95670,1.0,False
O95671,0.2702702702702703,False
O95677,0.1780821917808219,False
O95684,0.6129032258064516,False
O95704,0.625,False
O95718,0.25,True
O95758,0.2537313432835821,False
O95760,0.6521739130434783,False
O95780,1.0,True
O95789,1.0,False
O95793,0.29411764705882354,False
O95819,0.21311475409836064,False
O95831,1.0,False
O95834,0.19047619047619047,False
O95861,0.3181818181818182,False
O95864,0.30434782608695654,False
O95866,0.7916666666666666,False
O95876,0.5909090909090909,False
O95905,0.15384615384615385,False
O95922,1.0,False
O95925,1.0,False
O95936,0.47058823529411764,True
O95944,0.6470588235294118,False
O95954,0.10344827586206896,False
O95965,0.3,False
O95970,0.45454545454545453,False
O95971,1.0,False
O95990,1.0,False
O95998,0.5,False
O96005,0.25,False
O96013,0.08695652173913043,False
O96017,1.0,False
O96028,1.0,False
P00167,0.7692307692307693,False
P00338,0.696969696969697,False
P00367,0.12,False
P00387,0.3076923076923077,False
P00390,0.25,False
P00533,0.5428571428571428,False
P00750,0.04,False
P00973,0.4782608695652174,False
P01009,1.0,False
P01011,0.6666666666666666,False
P01042,0.3225806451612903,False
P01100,1.0,True
P01130,0.29411764705882354,False
P01133,0.14285714285714285,False
P01135,0.5,False
P01241,0.35714285714285715,False
P01242,0.7894736842105263,False
P01344,1.0,False
P01732,0.45454545454545453,False
P01854,0.4,False
P02545,0.3142857142857143,False
P02686,1.0,False
P02724,0.21052631578947367,False
P02751,0.7142857142857143,False
P02774,0.12,False
P03372,0.42857142857142855,True
P04035,0.08108108108108109,False
P04062,0.3,False
P04150,0.3939393939393939,True
P04179,1.0,False
P04233,0.45454545454545453,False
P04278,0.7142857142857143,False
P04424,0.21739130434782608,False
P04626,0.09433962264150944,False
P04629,0.09090909090909091,False
P04637,0.4782608695652174,True
P04798,1.0,False
P04818,0.6666666666666666,False
P04899,0.22580645161290322,False
P04920,0.09090909090909091,False
P04921,0.7,False
P05019,0.5294117647058824,False
P05023,0.07352941176470588,False
P05067,0.26717557251908397,False
P05089,0.375,False
P05106,0.1724137931034483,False
P05155,0.4,False
P05165,0.1,False
P05186,0.2,False
P05549,0.14285714285714285,True
P05556,0.14473684210526316,False
P06133,0.45454545454545453,False
P06239,0.16666666666666666,False
P06241,0.0625,False
P06396,0.1044776119402985,False
P06401,0.45454545454545453,True
P06681,0.25,False
P06730,0.3181818181818182,False
P06748,0.3225806451612903,False
P06753,0.631578947368421,False
P06756,0.11363636363636363,False
P07093,0.28,False
P07098,0.2631578947368421,False
P07101,0.23076923076923078,False
P07108,0.5238095238095238,False
P07202,0.2786885245901639,False
P07288,0.7894736842105263,False
P07307,0.375,False
P07332,0.17647058823529413,False
P07492,1.0,False
P07585,1.0,False
P07910,0.5555555555555556,False
P07911,0.14285714285714285,False
P07951,0.3333333333333333,False
P07992,0.5151515151515151,False
P08047,0.2727272727272727,True
P08048,0.5,True
P08151,0.2,True
P08174,0.23809523809523808,False
P08195,0.11764705882352941,False
P08235,0.8518518518518519,True
P08236,0.45454545454545453,False
P08237,0.1044776119402985,False
P08243,0.0625,False
P08253,0.21052631578947367,False
P08397,0.23076923076923078,False
P08559,0.36363636363636365,False
P08575,0.01694915254237288,False
P08581,0.5102040816326531,False
P08621,0.28,False
P08631,0.16666666666666666,False
P08651,0.3684210526315789,True
P08962,0.4,False
P09086,0.18518518518518517,True
P09132,1.0,False
P09455,0.7,False
P09466,0.3333333333333333,False
P09493,0.4578313253012048,False
P09496,0.8148148148148148,False
P09603,0.4,False
P09622,0.18518518518518517,False
P09651,0.4444444444444444,False
P09912,0.25,False
P09917,0.2682926829268293,False
P09919,0.7857142857142857,False
P09960,0.18181818181818182,False
P0C024,0.75,False
P0C7W0,0.8095238095238095,False
P0C869,1.0,False
P0CAP1,1.0,False
P0CAP2,0.75,False
P0DI81,0.3333333333333333,False
P0DML3,0.75,False
P0DMM9,0.42857142857142855,False
P0DPB3,0.3333333333333333,False
P0DPD6,0.08108108108108109,False
P0DTE4,0.3333333333333333,False
P10155,0.3142857142857143,False
P10242,0.5714285714285714,True
P10275,0.5,True
P10276,0.3181818181818182,True
P10451,0.4375,False
P10636,0.42857142857142855,False
P10721,0.14285714285714285,False
P10747,0.7272727272727273,False
P10826,0.3181818181818182,True
P10827,0.19230769230769232,True
P10911,0.2052980132450331,False
P10912,0.058823529411764705,False
P10966,0.625,False
P11049,0.5263157894736842,False
P11137,0.36363636363636365,False
P11171,0.5,False
P11177,0.4,False
P11277,0.12121212121212122,False
P11308,0.3076923076923077,True
P11362,1.0,False
P11413,0.16666666666666666,False
P11464,0.4782608695652174,False
P11532,0.6619385342789598,False
P12081,0.28,False
P12107,0.06415094339622641,False
P12110,0.07407407407407407,False
P12111,0.855072463768116,False
P12272,1.0,False
P12524,1.0,True
P12757,0.5,True
P12814,0.15294117647058825,False
P12821,0.36538461538461536,False
P12872,0.5,False
P12931,0.16666666666666666,False
P12955,0.2682926829268293,False
P13056,0.14285714285714285,True
P13232,0.45454545454545453,False
P13378,1.0,True
P13473,0.2222222222222222,False
P13497,0.2727272727272727,False
P13569,0.05660377358490566,False
P13591,0.5076923076923077,False
P13611,0.15384615384615385,False
P13631,0.3333333333333333,True
P13637,0.08695652173913043,False
P13646,0.3333333333333333,False
P13674,0.1951219512195122,False
P13688,0.4782608695652174,False
P13797,0.16129032258064516,False
P13805,0.21052631578947367,False
P13928,0.7857142857142857,False
P13929,0.1,False
P14091,0.4117647058823529,False
P14136,0.375,False
P14138,0.5714285714285714,False
P14209,0.35714285714285715,False
P14210,0.7368421052631579,False
P14416,0.42857142857142855,False
P14618,0.1,False
P14651,0.5,True
P14678,0.2857142857142857,False
P14859,0.22580645161290322,True
P14921,1.0,True
P15151,0.06666666666666667,False
P15170,0.3023255813953488,False
P15309,0.3,False
P15336,1.0,True
P15408,0.5,True
P15428,1.0,False
P15502,0.3851132686084142,False
P15509,0.5862068965517241,False
P15529,0.47297297297297297,False
P15559,0.625,False
P15621,0.5714285714285714,True
P15622,0.4,True
P15692,0.5714285714285714,False
P15812,1.0,False
P15863,0.5555555555555556,True
P15882,0.53125,False
P15884,0.5371900826446281,True
P15923,0.23529411764705882,True
P15924,0.125,False
P15927,0.19230769230769232,False
P15941,0.847457627118644,False
P15976,0.3333333333333333,True
P16070,0.9102564102564102,False
P16112,0.09090909090909091,False
P16144,0.06493506493506493,False
P16157,0.9565217391304348,False
P16234,0.85,False
P16284,0.21311475409836064,False
P16298,0.2682926829268293,False
P16383,0.9047619047619048,False
P16410,1.0,False
P16452,0.15384615384615385,False
P16471,0.7391304347826086,False
P16473,0.25,False
P16519,0.14285714285714285,False
P16591,0.3103448275862069,False
P16615,0.12195121951219512,False
P16671,0.6097560975609756,False
P16871,0.42857142857142855,False
P16989,0.17647058823529413,True
P17010,0.4,True
P17014,0.7692307692307693,True
P17021,0.6666666666666666,True
P17039,0.5,True
P17040,0.6470588235294118,True
P17096,0.5,True
P17097,0.5,True
P17181,0.3,False
P17342,0.375,False
P17405,0.5,False
P17544,0.76,True
P17693,0.4,False
P17706,0.28205128205128205,False
P17948,0.42857142857142855,False
P18206,0.11627906976744186,False
P18507,0.2,False
P18510,0.5789473684210527,False
P18577,0.6153846153846154,False
P18583,0.6470588235294118,True
P18615,0.22580645161290322,False
P18621,1.0,False
P18847,0.6923076923076923,True
P18858,0.21052631578947367,False
P19021,0.1310344827586207,False
P19224,0.4,False
P19235,0.3333333333333333,False
P19256,0.4375,False
P19320,0.3076923076923077,False
P19367,0.12727272727272726,False
P19438,0.4782608695652174,False
P19440,1.0,False
P19544,0.2553191489361702,True
P19827,0.2972972972972973,False
P19838,0.043478260869565216,True
P19878,0.14285714285714285,False
P20020,0.09523809523809523,False
P20023,0.08108108108108109,False
P20138,0.4,False
P20151,1.0,False
P20273,0.576271186440678,False
P20340,0.7142857142857143,False
P20366,0.2,False
P20701,0.13333333333333333,False
P20711,0.7272727272727273,False
P20718,0.3333333333333333,False
P20794,0.07692307692307693,False
P20807,0.7126436781609196,False
P20810,0.18686868686868688,False
P20823,1.0,True
P20839,0.2087912087912088,False
P20849,0.8888888888888888,False
P20916,0.3076923076923077,False
P20929,0.11585365853658537,False
P20936,0.5402298850574713,False
P20941,0.6,False
P21127,0.15789473684210525,False
P21128,0.2222222222222222,False
P21145,0.6666666666666666,False
P21333,0.053763440860215055,False
P21359,0.6666666666666666,False
P21439,0.1375,False
P21554,1.0,False
P21583,0.17647058823529413,False
P21675,0.05263157894736842,False
P21754,0.25,False
P21757,0.16,False
P21802,0.8675496688741722,False
P21817,0.004739336492890996,False
P21860,1.0,False
P22303,0.5,False
P22304,0.375,False
P22307,1.0,False
P22557,0.1724137931034483,False
P22607,0.20408163265306123,False
P22694,0.45454545454545453,False
P22736,0.23076923076923078,True
P23141,0.2857142857142857,False
P23142,0.16129032258064516,False
P23219,0.5,False
P23229,0.1935483870967742,False
P23280,0.34782608695652173,False
P23416,0.1111111111111111,False
P23443,0.2413793103448276,False
P23467,0.09375,False
P23468,0.1346153846153846,False
P23469,0.13513513513513514,False
P23471,0.11363636363636363,False
P23497,0.45,True
P23560,1.0,False
P23634,0.11475409836065574,False
P23743,0.6756756756756757,False
P23759,0.25,True
P23760,0.8709677419354839,True
P23763,0.5714285714285714,False
P23945,0.15789473684210525,False
P23975,0.25,False
P24001,1.0,False
P24046,0.2222222222222222,False
P24071,1.0,False
P24394,0.2222222222222222,False
P24468,1.0,True
P24530,0.3181818181818182,False
P24557,0.36,False
P24666,0.8,False
P24821,0.14285714285714285,False
P24864,0.23809523809523808,False
P25054,0.25,False
P25101,1.0,False
P25445,0.8292682926829268,False
P25705,0.38235294117647056,False
P25791,1.0,False
P26045,0.18181818181818182,False
P26232,0.4594594594594595,False
P26358,0.06172839506172839,True
P26378,0.2857142857142857,False
P26436,0.5555555555555556,False
P26599,0.034482758620689655,False
P27361,0.45454545454545453,False
P27448,0.14634146341463414,False
P27540,0.2558139534883721,True
P27815,0.43661971830985913,False
P27816,0.8421052631578947,False
P27824,0.28,False
P27986,0.4827586206896552,False
P28074,1.0,False
P28288,0.5882352941176471,False
P28290,0.11764705882352941,False
P28329,0.11363636363636363,False
P28331,0.15151515151515152,False
P28472,0.4838709677419355,False
P28698,0.2,True
P28908,1.0,False
P29122,0.3333333333333333,False
P29218,0.4782608695652174,False
P29323,0.20408163265306123,False
P29350,0.13333333333333333,False
P29353,0.16666666666666666,False
P29372,0.7272727272727273,False
P29374,0.07352941176470588,False
P29376,0.21052631578947367,False
P29466,0.8611111111111112,False
P29474,0.3333333333333333,False
P29475,0.05263157894736842,False
P29590,0.5822784810126582,False
P29692,0.42857142857142855,False
P29728,1.0,False
P29972,0.25,False
P30038,0.2857142857142857,False
P30044,0.6,False
P30085,0.16666666666666666,False
P30154,0.4444444444444444,False
P30203,0.3191489361702128,False
P30281,1.0,False
P30305,0.23404255319148937,False
P30307,0.391304347826087,False
P30511,0.2857142857142857,False
P30622,0.06382978723404255,False
P30626,0.34782608695652173,False
P30793,0.16666666666666666,False
P30988,0.4,False
P31040,0.1724137931034483,False
P31327,0.27184466019417475,False
P31483,0.5454545454545454,False
P31942,0.2222222222222222,False
P31948,0.21428571428571427,False
P31994,0.5945945945945946,False
P32004,0.07407407407407407,False
P32019,0.25,False
P32121,0.3150684931506849,False
P32189,0.03389830508474576,False
P32239,0.5555555555555556,False
P32241,0.2,False
P32298,0.06666666666666667,False
P32322,0.34782608695652173,False
P32418,0.5348837209302325,False
P32856,0.2,False
P32929,0.29411764705882354,False
P33076,0.16666666666666666,False
P33121,0.15,False
P33241,0.1724137931034483,False
P33402,0.19230769230769232,False
P33527,0.14285714285714285,False
P33681,0.5555555555555556,False
P33993,0.4166666666666667,False
P34810,0.3333333333333333,False
P34896,0.2,False
P34897,0.22857142857142856,False
P34913,0.16666666666666666,False
P34969,0.6666666666666666,False
P34998,1.0,False
P35030,0.2,False
P35125,0.22448979591836735,False
P35221,0.35714285714285715,False
P35236,0.14285714285714285,False
P35240,0.9230769230769231,False
P35241,1.0,False
P35348,1.0,False
P35372,1.0,False
P35498,0.038461538461538464,False
P35557,0.1,False
P35573,0.06060606060606061,False
P35580,0.05454545454545454,False
P35610,0.14285714285714285,False
P35611,0.15492957746478872,False
P35612,0.29411764705882354,False
P35613,0.4,False
P35658,0.1111111111111111,False
P35670,0.3,False
P35711,0.673469387755102,True
P35712,0.2542372881355932,True
P35749,0.037037037037037035,False
P35813,1.0,False
P35913,0.19047619047619047,False
P35914,0.45454545454545453,False
P36269,0.3142857142857143,False
P36402,0.34782608695652173,True
P36406,0.16666666666666666,False
P36543,0.4,False
P36544,0.75,False
P36776,0.1509433962264151,False
P36871,0.4,False
P36896,0.5238095238095238,False
P36897,0.19230769230769232,False
P36956,0.1724137931034483,True
P37088,0.1891891891891892,False
P37173,0.3333333333333333,False
P37268,0.5714285714285714,False
P37275,0.4186046511627907,True
P37287,0.5714285714285714,False
P37840,0.7692307692307693,False
P38159,0.7142857142857143,False
P38398,1.0,False
P38405,0.5862068965517241,False
P39060,0.060240963855421686,False
P39880,0.4782608695652174,True
P39905,1.0,False
P40123,0.4642857142857143,False
P40189,0.5,False
P40198,0.8,False
P40225,0.2,False
P40259,0.6470588235294118,False
P40337,0.6,False
P40424,0.4,True
P40426,0.5,True
P40692,0.425531914893617,False
P40763,0.16176470588235295,True
P40925,0.2222222222222222,False
P40967,0.3225806451612903,False
P41217,0.23076923076923078,False
P41229,0.25196850393700787,False
P41235,0.35714285714285715,True
P41440,0.4,False
P41586,0.21428571428571427,False
P41594,0.29411764705882354,False
P42081,0.6551724137931034,False
P42167,0.6842105263157895,False
P42226,0.15,True
P42261,0.23404255319148937,False
P42262,0.26666666666666666,False
P42331,0.5918367346938775,False
P42357,0.4230769230769231,False
P42679,0.21052631578947367,False
P42684,0.25882352941176473,False
P42701,0.4074074074074074,False
P42771,1.0,False
P42892,0.1780821917808219,False
P43004,0.3225806451612903,False
P43088,0.6,False
P43115,1.0,False
P43250,0.125,False
P43268,0.6785714285714286,True
P43351,0.6923076923076923,False
P43403,0.5555555555555556,False
P43897,0.5,False
P45378,0.3269230769230769,False
P45379,0.3258426966292135,False
P45844,0.2,False
P45983,0.25925925925925924,False
P45984,0.5,False
P46020,0.06451612903225806,False
P46087,0.14754098360655737,False
P46098,0.3023255813953488,False
P46100,0.07246376811594203,False
P46379,0.23404255319148937,False
P46597,0.125,False
P46734,0.21739130434782608,False
P46736,0.3,False
P46779,0.6875,False
P46934,0.24752475247524752,False
P46937,0.625,False
P46976,0.42857142857142855,False
P47710,0.1951219512195122,False
P47736,0.14925373134328357,False
P47804,0.4,False
P48029,0.2,False
P48048,1.0,False
P48059,0.2857142857142857,False
P48061,0.7222222222222222,False
P48067,0.175,False
P48357,0.05555555555555555,False
P48380,0.38461538461538464,True
P48449,0.203125,False
P48454,0.21428571428571427,False
P48546,0.1891891891891892,False
P48551,0.34782608695652173,False
P48651,0.45454545454545453,False
P48728,0.42857142857142855,False
P48729,0.22580645161290322,False
P48739,0.18181818181818182,False
P48740,0.5555555555555556,False
P48751,0.045454545454545456,False
P48960,0.15789473684210525,False
P49023,0.42857142857142855,False
P49238,1.0,False
P49281,0.17721518987341772,False
P49321,0.2857142857142857,False
P49326,0.45454545454545453,False
P49366,0.4230769230769231,False
P49419,0.17647058823529413,False
P49459,0.7857142857142857,False
P49589,0.14925373134328357,False
P49619,0.05714285714285714,False
P49639,1.0,True
P49662,0.2,False
P49682,1.0,False
P49748,0.15,False
P49754,0.08771929824561403,False
P49755,0.5555555555555556,False
P49756,0.8,False
P49757,0.375,False
P49758,0.4375,False
P49759,0.7857142857142857,False
P49760,0.16666666666666666,False
P49761,0.75,False
P49763,0.42857142857142855,False
P49768,0.88,False
P49771,0.45454545454545453,False
P49790,0.13636363636363635,False
P49796,1.0,False
P49798,0.7894736842105263,False
P49802,0.25,False
P49810,1.0,False
P49815,0.11231884057971014,False
P49842,0.4782608695652174,False
P49848,0.22807017543859648,False
P49895,0.6,False
P49903,0.45454545454545453,False
P49916,0.05263157894736842,False
P49959,0.08928571428571429,False
P49961,0.4594594594594595,False
P50135,1.0,False
P50221,1.0,True
P50440,0.29411764705882354,False
P50452,0.8,False
P50539,0.6190476190476191,True
P50542,0.1864406779661017,False
P50549,0.41935483870967744,True
P50570,0.17475728155339806,False
P50579,0.4375,False
P51114,0.2978723404255319,False
P51157,0.2857142857142857,False
P51172,0.14285714285714285,False
P51398,0.11764705882352941,False
P51513,0.3333333333333333,False
P51530,0.36538461538461536,False
P51532,0.12650602409638553,False
P51610,0.11538461538461539,False
P51617,0.2682926829268293,False
P51636,1.0,False
P51654,0.375,False
P51659,0.125,False
P51674,0.14285714285714285,False
P51788,0.14893617021276595,False
P51790,0.16666666666666666,False
P51797,0.14925373134328357,False
P51800,0.14285714285714285,False
P51809,0.6842105263157895,False
P51814,0.75,True
P51816,0.8275862068965517,False
P51825,0.15,False
P51857,0.4,False
P51858,0.16666666666666666,False
P51878,1.0,False
P51955,0.34782608695652173,False
P51957,0.26666666666666666,False
P51965,0.5714285714285714,False
P52298,0.75,False
P52306,0.37209302325581395,False
P52333,0.06666666666666667,False
P52434,0.7619047619047619,False
P52569,0.3142857142857143,False
P52594,0.3076923076923077,False
P52701,0.3333333333333333,False
P52735,0.11764705882352941,False
P52736,1.0,True
P52742,0.5294117647058824,True
P52747,0.18181818181818182,True
P52756,0.7857142857142857,False
P52757,0.5151515151515151,False
P52798,0.5,False
P52848,0.037037037037037035,False
P52926,0.52,True
P52948,0.3609022556390977,False
P52952,1.0,True
P53355,0.061224489795918366,False
P53365,0.5,False
P53367,0.5263157894736842,False
P53396,0.24,False
P53539,1.0,True
P53634,0.8,False
P53667,0.6153846153846154,False
P53671,0.15217391304347827,False
P53779,0.22857142857142856,False
P53804,0.175,False
P53805,0.7333333333333333,False
P53814,0.06896551724137931,False
P53990,0.8780487804878049,False
P54108,0.25,False
P54219,0.23255813953488372,False
P54252,0.7714285714285715,False
P54257,0.3488372093023256,False
P54277,0.5121951219512195,False
P54278,0.6363636363636364,False
P54284,0.13725490196078433,False
P54289,0.04310344827586207,False
P54578,0.15217391304347827,False
P54619,0.29411764705882354,False
P54687,0.3269230769230769,False
P54725,0.4230769230769231,False
P54750,0.2028985507246377,False
P54756,0.02857142857142857,False
P54760,0.7272727272727273,False
P54762,0.3333333333333333,False
P54803,0.16417910447761194,False
P54819,0.23076923076923078,False
P54829,0.1951219512195122,False
P54868,0.17647058823529413,False
P55001,0.34782608695652173,False
P55008,0.7777777777777778,False
P55017,0.15384615384615385,False
P55058,0.2727272727272727,False
P55060,0.06382978723404255,False
P55075,0.6363636363636364,False
P55196,0.21875,False
P55197,0.7931034482758621,False
P55201,0.21568627450980393,False
P55209,0.43243243243243246,False
P55210,0.6923076923076923,False
P55211,0.7272727272727273,False
P55259,0.1,False
P55263,0.3333333333333333,False
P55265,0.3220338983050847,False
P55290,0.8076923076923077,False
P55327,0.6956521739130435,False
P55345,0.3181818181818182,False
P55735,0.3142857142857143,False
P55808,0.14285714285714285,False
P55916,0.2727272727272727,False
P55957,1.0,False
P56134,0.7142857142857143,False
P56180,0.30666666666666664,False
P56270,0.7894736842105263,True
P56282,0.2222222222222222,False
P56545,0.1111111111111111,False
P56817,0.5384615384615384,False
P56945,0.5714285714285714,False
P56975,0.3,False
P57054,0.5,False
P57071,0.4489795918367347,True
P57075,0.2682926829268293,False
P57081,0.09090909090909091,False
P57087,0.1724137931034483,False
P57103,1.0,False
P57721,0.18518518518518517,False
P57727,0.34375,False
P57737,1.0,False
P57740,0.2,False
P57789,0.2857142857142857,False
P58005,0.8695652173913043,False
P58215,0.16666666666666666,False
P58335,0.3333333333333333,False
P58340,0.36,False
P58397,0.08695652173913043,False
P58418,0.75,False
P58499,0.375,False
P58505,0.5,False
P58557,0.7142857142857143,False
P58658,0.375,False
P58743,0.6043956043956044,False
P58753,0.6,False
P58872,0.34782608695652173,False
P59045,0.4,False
P59046,0.3793103448275862,False
P59103,1.0,False
P59998,1.0,False
P60174,0.5263157894736842,False
P60842,0.2727272727272727,False
P60900,0.5263157894736842,False
P61077,0.2857142857142857,False
P61086,0.5,False
P61224,0.4,False
P61244,0.7692307692307693,True
P61289,0.2727272727272727,False
P61923,0.5151515151515151,False
P61978,0.11363636363636363,False
P62068,0.2222222222222222,False
P62070,0.625,False
P62136,0.4,False
P62508,0.6774193548387096,True
P62633,1.0,False
P62820,0.7857142857142857,False
P62847,0.4,False
P62899,0.45454545454545453,False
P62995,1.0,False
P63010,0.07317073170731707,False
P63092,0.2,False
P67812,0.6363636363636364,False
P68036,0.45454545454545453,False
P68402,0.42857142857142855,False
P78310,0.8181818181818182,False
P78312,0.34523809523809523,False
P78314,0.9024390243902439,False
P78324,0.125,False
P78325,0.484375,False
P78332,1.0,False
P78347,0.708029197080292,True
P78348,0.23809523809523808,False
P78352,0.12903225806451613,False
P78369,0.2,False
P78380,0.625,False
P78381,0.7619047619047619,False
P78410,0.25,False
P78411,0.6666666666666666,True
P78417,0.625,False
P78509,0.03875968992248062,False
P78524,0.20754716981132076,False
P78539,0.4594594594594595,False
P78563,0.3,False
P81408,0.36363636363636365,False
P81605,0.7857142857142857,False
P81877,0.1875,False
P82279,0.36363636363636365,False
P82663,0.7272727272727273,False
P82912,0.6470588235294118,False
P84022,0.5,True
P84101,1.0,False
P84157,0.5,False
P84550,0.5,True
P85298,0.2,False
P85299,0.6,False
P98082,0.1891891891891892,False
P98153,0.2631578947368421,False
P98161,0.021739130434782608,False
P98173,0.28,False
P98175,0.16666666666666666,False
P98182,0.5,True
P98194,0.1559633027522936,False
P98198,0.6129032258064516,False
Q00005,0.15789473684210525,False
Q00013,0.25,False
Q00536,0.1702127659574468,False
Q00653,0.045454545454545456,True
Q00722,0.11578947368421053,False
Q00872,0.1986062717770035,False
Q00888,0.625,False
Q00973,0.625,False
Q00987,1.0,False
Q01081,1.0,False
Q01082,0.12121212121212122,False
Q01105,0.25,False
Q01113,1.0,False
Q01167,0.2222222222222222,True
Q01196,0.5263157894736842,True
Q01344,0.29411764705882354,False
Q01432,0.2857142857142857,False
Q01433,0.09433962264150944,False
Q01484,0.03296703296703297,False
Q01543,0.17647058823529413,True
Q01638,0.8518518518518519,False
Q01668,0.0979020979020979,False
Q01804,0.7446808510638298,False
Q01814,0.16666666666666666,False
Q01831,0.7,False
Q01844,0.6103896103896104,False
Q01892,1.0,True
Q01973,0.375,False
Q02040,0.25,False
Q02078,0.23636363636363636,True
Q02083,0.2222222222222222,False
Q02153,0.1951219512195122,False
Q02161,0.40476190476190477,False
Q02218,0.6538461538461539,False
Q02241,0.022222222222222223,False
Q02297,0.8953488372093024,False
Q02505,0.21739130434782608,False
Q02548,0.6447368421052632,True
Q02641,0.25,False
Q02763,0.18181818181818182,False
Q02833,0.42857142857142855,False
Q02930,0.35135135135135137,True
Q02952,0.5714285714285714,False
Q02962,0.3225806451612903,True
Q03001,0.6299559471365639,False
Q03013,0.45454545454545453,False
Q03060,1.0,True
Q03112,0.3333333333333333,True
Q03113,0.5555555555555556,False
Q03154,0.45098039215686275,False
Q03164,0.102803738317757,True
Q03181,0.8095238095238095,True
Q03405,0.4,False
Q03721,0.5,False
Q03923,0.7272727272727273,True
Q03936,0.6666666666666666,True
Q04206,0.2727272727272727,True
Q04609,0.08108108108108109,False
Q04637,0.21844660194174756,False
Q04656,0.023255813953488372,False
Q04671,0.06666666666666667,False
Q04725,0.2909090909090909,False
Q04726,0.2949640287769784,False
Q04727,0.1794871794871795,False
Q04759,0.25,False
Q04900,0.6551724137931034,False
Q04912,0.21052631578947367,False
Q05084,0.25,False
Q05086,0.15625,False
Q05193,0.13636363636363635,False
Q05209,0.23404255319148937,False
Q05397,0.06666666666666667,False
Q05513,0.21739130434782608,False
Q05586,0.15,False
Q05682,0.3684210526315789,False
Q05707,0.02127659574468085,False
Q05932,0.23255813953488372,False
Q05BQ5,1.0,False
Q05BV3,0.06976744186046512,False
Q06055,0.5555555555555556,False
Q06124,0.3076923076923077,False
Q06190,0.13157894736842105,False
Q06265,0.12,False
Q06323,0.25,False
Q06330,0.3333333333333333,True
Q06413,0.35714285714285715,True
Q06455,0.16279069767441862,False
Q06481,0.32098765432098764,False
Q06547,0.3333333333333333,False
Q06609,0.5151515151515151,False
Q06710,0.45652173913043476,True
Q06730,0.5,True
Q06787,0.3373493975903614,False
Q07343,0.29411764705882354,False
Q07666,0.29411764705882354,False
Q07812,1.0,False
Q07817,1.0,False
Q07837,1.0,False
Q07866,0.21428571428571427,False
Q07912,0.38461538461538464,False
Q07955,1.0,False
Q07973,0.3,False
Q08050,0.25,True
Q08209,0.6595744680851063,False
Q08257,0.5714285714285714,False
Q08289,0.25925925925925924,False
Q08345,0.7857142857142857,False
Q08378,0.288135593220339,False
Q08431,0.42857142857142855,False
Q08493,1.0,False
Q08495,0.12727272727272726,False
Q08499,1.0,False
Q08623,0.7647058823529411,False
Q08648,1.0,False
Q08722,0.3,False
Q08AD1,0.19230769230769232,False
Q08AE8,0.3333333333333333,False
Q08AI8,0.2,False
Q08J23,0.13513513513513514,False
Q09013,0.22535211267605634,False
Q09028,0.23404255319148937,False
Q09428,1.0,False
Q09FC8,1.0,True
Q0D2I5,1.0,False
Q0D2J5,0.75,True
Q0GE19,0.8529411764705882,False
Q0IIM8,0.3939393939393939,False
Q0JRZ9,0.058823529411764705,False
Q0VAM2,0.13157894736842105,False
Q0VDD8,0.925,False
Q0ZGT2,0.13043478260869565,False
Q10567,0.08064516129032258,False
Q11203,1.0,False
Q11206,0.2553191489361702,False
Q12756,0.055944055944055944,False
Q12765,0.42857142857142855,False
Q12767,0.03225806451612903,False
Q12769,0.9487179487179487,False
Q12791,1.0,False
Q12792,0.375,False
Q12794,0.6363636363636364,False
Q12797,0.8533333333333334,False
Q12800,0.1724137931034483,True
Q12802,0.92,False
Q12809,0.3076923076923077,False
Q12815,0.7,False
Q12816,0.5098039215686274,False
Q12830,0.06896551724137931,True
Q12857,0.2727272727272727,True
Q12860,0.4,False
Q12873,0.06722689075630252,False
Q12888,0.0963855421686747,False
Q12906,0.2571428571428571,False
Q12913,0.5882352941176471,False
Q12923,0.08695652173913043,False
Q12933,0.38461538461538464,False
Q12934,0.21739130434782608,False
Q12955,0.46226415094339623,False
Q12959,0.27439024390243905,False
Q12967,0.16666666666666666,False
Q12968,0.2,True
Q12972,0.7692307692307693,False
Q12974,0.3076923076923077,False
Q12979,0.68,False
Q12981,0.5,False
Q12986,0.3,True
Q12996,1.0,False
Q13002,0.125,False
Q13007,0.8095238095238095,False
Q13017,0.2727272727272727,False
Q13029,1.0,True
Q13042,0.28,False
Q13045,0.12359550561797752,False
Q13061,0.7857142857142857,False
Q13085,0.045871559633027525,False
Q13098,0.15384615384615385,False
Q13105,0.34146341463414637,True
Q13107,0.7,False
Q13117,0.06666666666666667,False
Q13118,0.5,True
Q13126,0.25,False
Q13133,0.4,True
Q13137,0.3333333333333333,False
Q13163,0.12307692307692308,False
Q13164,0.4,False
Q13183,0.25,False
Q13190,0.2,False
Q13191,0.1702127659574468,False
Q13200,0.21052631578947367,False
Q13228,0.29411764705882354,False
Q13231,0.3488372093023256,False
Q13239,0.8484848484848485,False
Q13241,0.2727272727272727,False
Q13243,0.14285714285714285,False
Q13247,0.7777777777777778,False
Q13255,0.25,False
Q13261,0.5,False
Q13277,0.2,False
Q13286,0.7,False
Q13291,0.7142857142857143,False
Q13303,0.34782608695652173,False
Q13308,0.5135135135135135,False
Q13309,0.2,False
Q13310,0.18181818181818182,False
Q13322,0.2,False
Q13324,0.26229508196721313,False
Q13330,0.4,False
Q13332,0.1958762886597938,False
Q13342,0.9056603773584906,True
Q13352,0.28,False
Q13360,1.0,True
Q13362,0.2857142857142857,False
Q13367,0.11538461538461539,False
Q13393,0.058823529411764705,False
Q13398,1.0,True
Q13402,0.07692307692307693,False
Q13404,0.7,False
Q13409,0.17894736842105263,False
Q13418,0.5161290322580645,False
Q13421,0.1875,False
Q13422,0.4642857142857143,True
Q13426,0.14285714285714285,False
Q13428,0.39086294416243655,False
Q13438,0.4954954954954955,False
Q13439,0.11764705882352941,False
Q13444,0.9004149377593361,False
Q13469,0.2857142857142857,True
Q13477,0.75,False
Q13491,0.3333333333333333,False
Q13492,0.2268041237113402,False
Q13495,0.6,False
Q13505,0.34782608695652173,False
Q13508,0.2,False
Q13510,0.21428571428571427,False
Q13535,0.03225806451612903,False
Q13554,0.36,False
Q13555,0.1794871794871795,False
Q13557,0.1836734693877551,False
Q13561,0.13333333333333333,False
Q13564,0.2631578947368421,False
Q13568,0.8518518518518519,True
Q13574,0.1891891891891892,False
Q13576,0.17857142857142858,False
Q13595,0.4,False
Q13596,0.23255813953488372,False
Q13608,0.4666666666666667,False
Q13615,0.03773584905660377,False
Q13618,0.08695652173913043,False
Q13620,0.1,False
Q13625,0.1875,False
Q13627,0.3269230769230769,False
Q13635,0.15555555555555556,False
Q13639,0.35135135135135137,False
Q13642,0.6190476190476191,False
Q13683,0.2079207920792079,False
Q13740,0.10344827586206896,False
Q13772,0.27586206896551724,False
Q13795,0.6666666666666666,False
Q13813,0.03636363636363636,False
Q13822,0.1038961038961039,False
Q13868,0.52,False
Q13875,0.5,False
Q13887,0.7142857142857143,True
Q13905,0.041666666666666664,False
Q13936,0.19148936170212766,False
Q13946,0.21052631578947367,False
Q13948,0.1111111111111111,False
Q13950,0.3181818181818182,True
Q13952,0.453125,True
Q13972,0.47058823529411764,False
Q13976,0.1111111111111111,False
Q14005,0.7142857142857143,False
Q14008,0.0625,False
Q14011,0.45454545454545453,False
Q14028,0.6052631578947368,False
Q14103,0.42857142857142855,False
Q14114,0.2571428571428571,False
Q14123,0.14285714285714285,False
Q14135,0.3333333333333333,False
Q14141,0.4594594594594595,False
Q14155,0.2463768115942029,False
Q14156,0.09090909090909091,False
Q14157,0.041666666666666664,False
Q14159,0.25,False
Q14160,0.04225352112676056,False
Q14161,0.3532934131736527,False
Q14162,0.5714285714285714,False
Q14188,0.5862068965517241,True
Q14202,0.7222222222222222,False
Q14203,0.19298245614035087,False
Q14244,0.3474576271186441,False
Q14246,0.38144329896907214,False
Q14247,0.125,False
Q14296,0.3793103448275862,False
Q14318,0.25,False
Q14406,0.75,False
Q14439,1.0,False
Q14444,0.08571428571428572,False
Q14451,0.2682926829268293,False
Q14498,0.10638297872340426,False
Q14508,1.0,False
Q14511,0.8235294117647058,False
Q14524,0.037037037037037035,False
Q14542,0.7894736842105263,False
Q14587,0.7272727272727273,True
Q14624,0.16176470588235295,False
Q14643,0.08934707903780069,False
Q14653,1.0,True
Q14671,0.3253012048192771,False
Q14677,0.3142857142857143,False
Q14680,0.3577981651376147,False
Q14687,0.2,False
Q14689,0.38848920863309355,False
Q14693,0.7297297297297297,False
Q14694,0.14285714285714285,False
Q14697,0.9423076923076923,False
Q14714,1.0,False
Q14722,0.14285714285714285,False
Q14738,0.2826086956521739,False
Q14766,0.13829787234042554,False
Q14773,1.0,False
Q14789,0.09523809523809523,False
Q14790,0.6956521739130435,False
Q14802,0.8275862068965517,False
Q14814,0.21311475409836064,True
Q14831,0.2,False
Q14833,0.1836734693877551,False
Q14847,0.5,False
Q14849,0.2682926829268293,False
Q14865,0.29411764705882354,True
Q14934,1.0,True
Q14938,0.375,True
Q14966,0.07407407407407407,False
Q14978,0.3076923076923077,False
Q14980,0.08333333333333333,False
Q14982,0.3333333333333333,False
Q14994,0.4782608695652174,True
Q149M9,0.9210526315789473,False
Q149N8,0.547945205479452,False
Q14BN4,1.0,False
Q14C86,0.2,False
Q14CB8,1.0,False
Q14CN4,0.17647058823529413,False
Q14D04,0.75,False
Q14DG7,0.5384615384615384,False
Q15008,0.2727272727272727,False
Q15011,0.5862068965517241,False
Q15019,0.14285714285714285,False
Q15020,1.0,False
Q15025,0.25925925925925924,False
Q15029,0.0625,False
Q15032,0.16483516483516483,False
Q15038,0.75,False
Q15041,0.45454545454545453,False
Q15042,0.10204081632653061,False
Q15043,0.25,False
Q15047,0.58,True
Q15051,0.5161290322580645,False
Q15054,0.3,False
Q15063,0.1943127962085308,False
Q15067,0.14285714285714285,False
Q15070,0.2,False
Q15084,0.1791044776119403,False
Q15109,0.6,False
Q15131,0.25,False
Q15147,0.04672897196261682,False
Q15149,0.09375,False
Q15154,0.7712418300653595,False
Q15185,0.5862068965517241,False
Q15223,0.3333333333333333,False
Q15256,0.3333333333333333,False
Q15257,0.28205128205128205,False
Q15262,0.12903225806451613,False
Q15287,0.14285714285714285,False
Q15303,0.12195121951219512,False
Q15326,0.37662337662337664,False
Q15329,0.45454545454545453,True
Q15349,0.06976744186046512,False
Q15366,0.39622641509433965,False
Q15375,0.9259259259259259,False
Q15386,0.5625,False
Q15406,0.3,True
Q15413,0.014492753623188406,False
Q15417,0.5263157894736842,False
Q15418,0.18072289156626506,False
Q15424,0.18072289156626506,True
Q15435,0.3181818181818182,False
Q15438,0.2894736842105263,False
Q15555,0.6875,False
Q15562,0.42857142857142855,True
Q15572,0.6595744680851063,False
Q15583,1.0,True
Q15599,0.4,False
Q155Q3,1.0,False
Q15637,0.46153846153846156,False
Q15642,0.1724137931034483,False
Q15646,0.35714285714285715,False
Q15652,0.10204081632653061,False
Q15654,1.0,False
Q15700,0.6534653465346535,False
Q15714,0.625,True
Q15723,0.5714285714285714,True
Q15735,0.15384615384615385,False
Q15742,0.23076923076923078,False
Q15746,0.9514563106796117,False
Q15758,0.55,False
Q15782,0.17647058823529413,False
Q15788,0.05263157894736842,True
Q15811,0.3853658536585366,False
Q15833,0.15789473684210525,False
Q15853,0.5675675675675675,True
Q15858,0.07692307692307693,False
Q15878,0.0425531914893617,False
Q15910,0.1935483870967742,False
Q15973,0.25,True
Q16222,0.1724137931034483,False
Q16236,0.7692307692307693,True
Q16281,0.23076923076923078,False
Q16288,0.3902439024390244,False
Q16342,0.8,False
Q16363,1.0,False
Q16512,0.09090909090909091,False
Q16513,0.12307692307692308,False
Q16537,0.2894736842105263,False
Q16539,0.38235294117647056,False
Q16587,1.0,True
Q16595,1.0,False
Q16610,0.4827586206896552,False
Q16620,0.5609756097560976,False
Q16623,0.3,False
Q16625,0.2857142857142857,False
Q16629,0.8333333333333334,False
Q16630,0.15789473684210525,False
Q16635,0.2,False
Q16637,1.0,False
Q16643,0.16279069767441862,False
Q16653,0.5846153846153846,False
Q16656,0.2,True
Q16665,0.25,True
Q16666,0.4,False
Q16671,0.3225806451612903,False
Q16720,0.1,False
Q16773,0.13043478260869565,False
Q16774,0.45454545454545453,False
Q16775,0.75,False
Q16787,0.2953020134228188,False
Q16799,0.375,False
Q16822,0.64,False
Q16827,1.0,False
Q16836,0.29411764705882354,False
Q16849,0.13636363636363635,False
Q16853,1.0,False
Q16854,1.0,False
Q16875,0.14754098360655737,False
Q16877,0.18518518518518517,False
Q16890,0.6428571428571429,False
Q16891,0.2542372881355932,False
Q17R31,0.3877551020408163,False
Q17R89,0.07317073170731707,False
Q17R98,0.18518518518518517,True
Q17RD7,0.6363636363636364,False
Q17RM4,0.3333333333333333,False
Q17RY0,0.3076923076923077,False
Q18PE1,0.7142857142857143,False
Q1A5X6,0.7692307692307693,False
Q1HG43,0.3684210526315789,False
Q1MSJ5,0.15384615384615385,False
Q1MX18,0.2653061224489796,False
Q1X8D7,0.38235294117647056,False
Q1ZYL8,0.05263157894736842,False
Q24JP5,0.18181818181818182,False
Q24JQ0,0.5862068965517241,False
Q27J81,0.8043478260869565,False
Q2KHT3,0.2,False
Q2KHT4,0.8275862068965517,False
Q2M296,0.375,False
Q2M2Z5,0.29411764705882354,False
Q2M3G0,0.7272727272727273,False
Q2M3M2,0.18181818181818182,False
Q2M3W8,0.75,True
Q2MKA7,0.35714285714285715,False
Q2MV58,0.21428571428571427,False
Q2NKQ1,0.09803921568627451,False
Q2NL68,0.5862068965517241,False
Q2QGD7,0.5,True
Q2T9K0,0.3333333333333333,False
Q2TAK8,0.23076923076923078,False
Q2TBC4,1.0,False
Q2V2M9,0.15384615384615385,False
Q2VPK5,0.1724137931034483,False
Q2VYF4,0.2,False
Q2Y0W8,0.42105263157894735,False
Q30201,0.8,False
Q32MH5,0.29411764705882354,False
Q32MZ4,0.5471698113207547,False
Q32NB8,1.0,False
Q32P28,0.18181818181818182,False
Q32P44,0.9387755102040817,False
Q330K2,1.0,False
Q33E94,0.22,True
Q3B7J2,1.0,False
Q3B7T1,0.4567901234567901,False
Q3B7T3,1.0,False
Q3B820,0.23076923076923078,False
Q3KNS6,0.45454545454545453,True
Q3KNT9,0.5714285714285714,False
Q3KP22,0.6,False
Q3KP44,0.7333333333333333,False
Q3KPI0,0.8,False
Q3KQU3,0.17647058823529413,False
Q3KQZ1,0.4782608695652174,False
Q3KR16,0.7352941176470589,False
Q3KR37,0.5362318840579711,False
Q3L8U1,0.05263157894736842,False
Q3SXY8,0.19230769230769232,False
Q3SXZ7,0.36,False
Q3SY52,1.0,True
Q3SY69,0.7142857142857143,False
Q3SYC2,0.8,False
Q3SYG4,0.6571428571428571,False
Q3T8J9,0.3048780487804878,False
Q3V5L5,0.11764705882352941,False
Q3V6T2,0.11949685534591195,False
Q3YEC7,0.5833333333333334,False
Q3ZCQ8,0.09090909090909091,False
Q3ZCX4,0.7857142857142857,True
Q401N2,0.8235294117647058,False
Q494U1,0.2826086956521739,False
Q495C1,0.7333333333333333,False
Q495N2,0.047619047619047616,False
Q495T6,0.45,False
Q496Y0,0.4,False
Q499Z3,1.0,False
Q49A26,0.23404255319148937,True
Q49A88,0.3,False
Q49A92,1.0,False
Q49AJ0,0.2727272727272727,False
Q49MI3,0.8970588235294118,False
Q4AC94,0.08196721311475409,False
Q4ADV7,0.2191780821917808,False
Q4AE62,0.8717948717948718,False
Q4FZB7,0.4230769230769231,False
Q4G0N4,0.4375,False
Q4G0P3,0.5492957746478874,False
Q4G0U5,0.6551724137931034,False
Q4G0X9,0.5172413793103449,False
Q4G0Z9,0.15384615384615385,False
Q4G1C9,1.0,False
Q4J6C6,0.32075471698113206,False
Q4JDL3,1.0,False
Q4KMQ2,0.1111111111111111,False
Q4KMZ1,0.4,False
Q4KWH8,0.14606741573033707,False
Q4L180,1.0,False
Q4L235,0.4166666666666667,False
Q4LDE5,0.6129032258064516,False
Q4LDG9,0.8235294117647058,False
Q4LE39,0.13636363636363635,False
Q4U2R8,0.3,False
Q4V328,0.323943661971831,False
Q4VC44,0.25,True
Q4VNC1,1.0,False
Q4ZG55,1.0,False
Q4ZJI4,0.76,False
Q502W6,0.4,False
Q504Q3,0.08,False
Q504Y0,0.30434782608695654,False
Q53EL9,0.11764705882352941,False
Q53EP0,0.8571428571428571,False
Q53F39,0.28,False
Q53GD3,0.15789473684210525,False
Q53GG5,0.3333333333333333,False
Q53GS9,0.4166666666666667,False
Q53H47,1.0,False
Q53H76,0.4,False
Q53RD9,0.55,False
Q53TN4,1.0,False
Q53TS8,0.175,False
Q562E7,0.28205128205128205,False
Q562F6,0.38461538461538464,False
Q569H4,1.0,False
Q569K4,0.2,True
Q56UN5,0.4318181818181818,False
Q58EX7,1.0,False
Q58F21,0.07692307692307693,False
Q58WW2,0.21951219512195122,False
Q59EK9,0.2727272727272727,False
Q59H18,0.2714285714285714,False
Q5BJD5,0.8125,False
Q5BJE1,0.08064516129032258,False
Q5BJF6,0.3418803418803419,False
Q5BJH7,0.375,False
Q5BKX6,0.3333333333333333,False
Q5BKZ1,0.625,True
Q5BVD1,0.5714285714285714,False
Q5D0E6,0.47058823529411764,False
Q5DID0,0.14285714285714285,False
Q5DX21,0.2857142857142857,False
Q5EB52,0.2727272727272727,False
Q5EBM0,0.5384615384615384,False
Q5F1R6,0.2702702702702703,False
Q5FBB7,0.42857142857142855,False
Q5FVE4,0.12,False
Q5FWE3,0.6,False
Q5FWF4,0.6470588235294118,False
Q5FWF6,0.42857142857142855,True
Q5GFL6,0.875,False
Q5GLZ8,1.0,False
Q5H8A4,0.813953488372093,False
Q5H8C1,0.7818181818181819,False
Q5H9K5,0.16666666666666666,True
Q5H9L4,0.25,False
Q5H9R7,0.15625,False
Q5HYI7,0.5,False
Q5HYJ3,0.3333333333333333,False
Q5HYK7,0.14285714285714285,False
Q5HYL7,0.3333333333333333,False
Q5I0G3,0.4375,False
Q5IJ48,0.7096774193548387,False
Q5J8M3,0.5555555555555556,False
Q5J8X5,0.25,False
Q5JPE7,0.43956043956043955,False
Q5JR59,0.25,False
Q5JRA6,0.17647058823529413,False
Q5JRV8,0.7419354838709677,False
Q5JRX3,0.11538461538461539,False
Q5JS13,0.7692307692307693,False
Q5JS54,1.0,False
Q5JSH3,0.22413793103448276,False
Q5JSP0,0.15217391304347827,False
Q5JSZ5,0.08196721311475409,False
Q5JTD0,0.2,False
Q5JTH9,0.10309278350515463,False
Q5JTJ3,0.625,False
Q5JTV8,0.3,False
Q5JTW2,0.25,False
Q5JU69,1.0,False
Q5JU85,0.8823529411764706,False
Q5JUK3,0.168,False
Q5JUW0,0.5,False
Q5JVF3,0.2857142857142857,False
Q5JVG2,0.7272727272727273,True
Q5JVL4,0.18181818181818182,False
Q5JW98,0.5,False
Q5JWF2,1.0,False
Q5JXA9,0.6,False
Q5JZY3,0.9,False
Q5K4E3,0.25,False
Q5M775,0.6666666666666666,False
Q5M7Z0,0.6923076923076923,False
Q5M9N0,0.5483870967741935,False
Q5MIZ7,0.125,False
Q5NDL2,0.18518518518518517,False
Q5QGZ9,0.47058823529411764,False
Q5R372,1.0,False
Q5RHP9,0.5238095238095238,False
Q5RIA9,0.21428571428571427,False
Q5SGD2,1.0,False
Q5SQH8,0.47058823529411764,False
Q5SQI0,0.3717948717948718,False
Q5SQN1,0.3333333333333333,False
Q5SQS7,0.2857142857142857,False
Q5SRE7,0.5161290322580645,False
Q5SRH9,1.0,False
Q5SRN2,0.07692307692307693,False
Q5SSJ5,1.0,False
Q5ST30,0.09090909090909091,False
Q5SV97,0.7142857142857143,False
Q5SW24,1.0,False
Q5SW79,0.18181818181818182,False
Q5SWX8,0.1891891891891892,False
Q5SXH7,0.5161290322580645,False
Q5SY80,0.42105263157894735,False
Q5SZJ8,0.5,False
Q5SZL2,0.7619047619047619,False
Q5SZQ8,0.043478260869565216,False
Q5T011,0.9594594594594594,False
Q5T013,0.3333333333333333,False
Q5T0F9,0.08695652173913043,False
Q5T0J7,0.4117647058823529,False
Q5T0N5,0.22580645161290322,False
Q5T0Z8,0.75,False
Q5T124,0.2702702702702703,False
Q5T197,0.1702127659574468,False
Q5T1H1,0.631578947368421,False
Q5T1M5,0.4857142857142857,False
Q5T1N1,0.6190476190476191,False
Q5T292,0.5263157894736842,False
Q5T4D3,0.16,False
Q5T4F4,0.4084507042253521,False
Q5T4S7,0.9636363636363636,False
Q5T4W7,1.0,False
Q5T5C0,0.12658227848101267,False
Q5T5M9,0.2,False
Q5T5P2,0.424,False
Q5T5Y3,0.2978723404255319,False
Q5T6J7,0.75,False
Q5T6L9,0.23529411764705882,False
Q5T6S3,0.6666666666666666,True
Q5T6X5,0.29411764705882354,False
Q5T700,0.5789473684210527,False
Q5T7B8,0.23809523809523808,False
Q5T7W0,0.23255813953488372,True
Q5T8D3,0.3333333333333333,False
Q5T8P6,0.109375,False
Q5T9C2,0.4444444444444444,False
Q5T9G4,0.3333333333333333,False
Q5T9L3,0.22857142857142856,False
Q5TA45,0.32926829268292684,False
Q5TAT6,0.17050691244239632,False
Q5TC12,0.2222222222222222,False
Q5TC63,0.55,False
Q5TC79,1.0,True
Q5TCQ9,0.07692307692307693,False
Q5TCS8,1.0,False
Q5TCX8,1.0,False
Q5TCZ1,0.10344827586206896,False
Q5TD94,0.8125,False
Q5TDP6,0.7692307692307693,False
Q5TEJ8,0.8,False
Q5TH74,0.3333333333333333,False
Q5THR3,0.12280701754385964,False
Q5TIA1,0.7368421052631579,False
Q5TID7,0.2,False
Q5TIE3,0.09523809523809523,False
Q5TKA1,0.06666666666666667,False
Q5VIR6,0.12727272727272726,False
Q5VSG8,1.0,False
Q5VSL9,0.8695652173913043,False
Q5VT25,0.06206896551724138,False
Q5VT52,0.875,False
Q5VTH9,0.4074074074074074,False
Q5VTT5,0.6521739130434783,False
Q5VTY9,0.3170731707317073,False
Q5VU43,1.0,False
Q5VUJ9,0.2857142857142857,False
Q5VV42,0.7647058823529411,False
Q5VV43,0.22077922077922077,False
Q5VVW2,0.08771929824561403,False
Q5VW38,0.15789473684210525,False
Q5VWK5,1.0,False
Q5VWP3,0.625,False
Q5VWQ8,0.2826086956521739,False
Q5VX71,0.5384615384615384,False
Q5VXD3,0.45454545454545453,False
Q5VXU1,0.6363636363636364,False
Q5VXU9,0.7,False
Q5VYM1,0.5714285714285714,False
Q5VYS8,0.2,False
Q5VZ89,0.047619047619047616,False
Q5VZF2,0.2857142857142857,True
Q5VZI3,0.125,False
Q5W041,0.17647058823529413,False
Q5W0Z9,0.22857142857142856,False
Q5W5X9,0.2222222222222222,False
Q5XG92,0.4166666666666667,False
Q5XKK7,0.5555555555555556,False
Q5XKR9,1.0,False
Q5XX13,0.38461538461538464,False
Q5XXA6,0.40425531914893614,False
Q5ZPR3,0.375,False
Q63HQ2,0.8666666666666667,False
Q63HR2,0.31654676258992803,False
Q63ZY3,0.34375,False
Q658P3,0.3333333333333333,False
Q659C4,0.46153846153846156,False
Q66K79,0.3,False
Q66PJ3,1.0,False
Q674X7,0.47368421052631576,False
Q676U5,0.375,False
Q684P5,0.1,False
Q68BL7,0.5384615384615384,False
Q68CJ9,0.7948717948717948,True
Q68CL5,0.38461538461538464,False
Q68CQ1,0.44,False
Q68CR1,0.11267605633802817,False
Q68CZ2,0.5428571428571428,False
Q68D51,0.08571428571428572,False
Q68DA7,1.0,False
Q68DK7,0.29411764705882354,False
Q68DV7,0.375,False
Q68DX3,0.14285714285714285,False
Q68DY1,0.5,True
Q68DY9,1.0,True
Q68E01,0.20754716981132076,False
Q68EM7,0.1282051282051282,False
Q68EN5,0.2727272727272727,False
Q68G75,1.0,False
Q69YN4,0.40540540540540543,False
Q6AWC2,1.0,False
Q6B8I1,1.0,False
Q6BAA4,0.6428571428571429,False
Q6DHV7,0.4444444444444444,False
Q6DKJ4,0.125,False
Q6DN12,1.0,False
Q6DN14,0.5959595959595959,False
Q6DN72,0.38461538461538464,False
Q6DN90,0.14285714285714285,False
Q6E0U4,1.0,False
Q6EMB2,1.0,False
Q6FI81,0.25,False
Q6GPH4,0.6363636363636364,False
Q6GPH6,1.0,False
Q6GTX8,0.2222222222222222,False
Q6GYQ0,0.08641975308641975,False
Q6H3X3,0.5555555555555556,False
Q6H8Q1,0.7101449275362319,False
Q6H9L7,1.0,False
Q6IA86,0.3767123287671233,False
Q6IBW4,0.5714285714285714,False
Q6ICG6,0.27586206896551724,False
Q6ICL3,1.0,False
Q6IE81,0.35714285714285715,False
Q6IMN6,1.0,False
Q6IN85,0.3023255813953488,False
Q6IPM2,0.1774193548387097,False
Q6IPT4,0.2727272727272727,False
Q6IQ19,0.6666666666666666,False
Q6IQ55,0.2,False
Q6ISU1,0.75,False
Q6JQN1,0.07317073170731707,False
Q6K0P9,0.6875,False
Q6KB66,0.2222222222222222,False
Q6KC79,0.03296703296703297,False
Q6KCM7,0.1346153846153846,False
Q6MZP7,1.0,True
Q6MZQ0,0.3333333333333333,False
Q6N021,1.0,True
Q6N043,1.0,True
Q6N063,1.0,False
Q6N069,0.38636363636363635,False
Q6NSI4,0.4857142857142857,False
Q6NSI8,0.07692307692307693,False
Q6NSZ9,1.0,True
Q6NT32,0.28,False
Q6NT76,0.5348837209302325,True
Q6NTE8,0.5,False
Q6NTF7,0.25,False
Q6NTF9,0.7142857142857143,False
Q6NUI2,0.3,False
Q6NUN9,0.14285714285714285,True
Q6NUS6,0.7948717948717948,False
Q6NUT3,0.2,False
Q6NXG1,0.2542372881355932,False
Q6NXT4,0.2727272727272727,False
Q6NYC1,0.38461538461538464,False
Q6NZ36,1.0,False
Q6P087,0.8571428571428571,False
Q6P179,0.8333333333333334,False
Q6P1J6,0.043478260869565216,False
Q6P1K2,1.0,False
Q6P1L6,1.0,True
Q6P1M3,0.5862068965517241,False
Q6P1Q0,1.0,False
Q6P1R3,0.7272727272727273,False
Q6P2C8,0.8333333333333334,False
Q6P2D8,0.625,False
Q6P2H3,0.13157894736842105,False
Q6P2M8,0.3333333333333333,False
Q6P3S1,0.32075471698113206,False
Q6P499,0.6666666666666666,False
Q6P4D5,0.8333333333333334,False
Q6P4E1,0.6923076923076923,False
Q6P4F1,0.7142857142857143,False
Q6P4F7,0.5161290322580645,False
Q6P4R8,0.08,False
Q6P587,0.5,False
Q6P597,0.25,False
Q6P5X7,0.19230769230769232,False
Q6P996,0.6039603960396039,False
Q6P9F0,0.5161290322580645,False
Q6P9G9,1.0,True
Q6P9H5,0.5,False
Q6PCB0,1.0,False
Q6PEZ8,0.5,False
Q6PF05,0.375,False
Q6PF06,1.0,False
Q6PFW1,0.11764705882352941,False
Q6PGN9,0.7,False
Q6PHR2,0.1875,False
Q6PHW0,0.4375,False
Q6PI97,0.38461538461538464,False
Q6PI98,0.47058823529411764,False
Q6PII5,0.6842105263157895,False
Q6PIJ6,0.08064516129032258,False
Q6PIL6,0.375,False
Q6PIS1,0.4,False
Q6PIU2,0.5,False
Q6PJI9,0.3023255813953488,False
Q6PJT7,0.7666666666666667,False
Q6PJW8,0.2222222222222222,False
Q6PKC3,0.2,False
Q6Q4G3,0.5918367346938775,False
Q6Q6R5,0.3333333333333333,False
Q6QHF9,1.0,False
Q6QNK2,0.5238095238095238,False
Q6R327,0.7558139534883721,False
Q6RW13,1.0,False
Q6S5H5,0.5714285714285714,False
Q6S8J3,0.5862068965517241,False
Q6SA08,0.7272727272727273,False
Q6T4P5,0.38461538461538464,False
Q6T4R5,0.19230769230769232,False
Q6TCH4,0.68,False
Q6TCH7,1.0,False
Q6TDU7,0.22807017543859648,False
Q6TFL3,0.08,False
Q6U841,0.05263157894736842,False
Q6ULP2,0.17647058823529413,False
Q6UN15,0.49206349206349204,False
Q6UUV9,0.10344827586206896,False
Q6UVM3,0.08536585365853659,False
Q6UW56,0.38461538461538464,False
Q6UW88,0.7666666666666667,False
Q6UWE0,0.06382978723404255,False
Q6UWF3,0.6,False
Q6UWH4,1.0,False
Q6UWJ1,0.3333333333333333,False
Q6UWL2,0.15151515151515152,False
Q6UWL6,0.21739130434782608,False
Q6UWP2,0.38461538461538464,False
Q6UWP7,0.47058823529411764,False
Q6UWU4,0.2857142857142857,False
Q6UWV2,1.0,False
Q6UX01,0.17647058823529413,False
Q6UX07,0.5,False
Q6UX15,0.55,False
Q6UX27,0.5909090909090909,False
Q6UX40,0.8,False
Q6UX41,1.0,False
Q6UX71,0.1111111111111111,False
Q6UXB0,0.7142857142857143,False
Q6UXC1,0.10714285714285714,False
Q6UXD5,0.23529411764705882,False
Q6UXD7,0.5714285714285714,False
Q6UXG2,0.14285714285714285,False
Q6UXG3,0.53125,False
Q6UXG8,0.5,False
Q6UXH1,0.38461538461538464,False
Q6UXH9,0.34375,False
Q6UXI7,0.6666666666666666,False
Q6UXI9,0.25,False
Q6UXU4,0.5,False
Q6UXX9,0.5384615384615384,False
Q6UXY8,0.1891891891891892,False
Q6UY01,0.3076923076923077,False
Q6UY09,0.2857142857142857,False
Q6UY14,0.25,False
Q6V1X1,0.2,False
Q6VMQ6,0.34545454545454546,False
Q6VN20,0.1111111111111111,False
Q6W2J9,0.1951219512195122,False
Q6W5P4,0.847457627118644,False
Q6WCQ1,0.08695652173913043,False
Q6WKZ4,0.75,False
Q6WN34,1.0,False
Q6X4W1,0.2,False
Q6X9E4,0.1724137931034483,False
Q6XE24,0.35714285714285715,False
Q6XPS3,0.1232876712328767,False
Q6XQN6,0.23076923076923078,False
Q6XUX3,0.12,False
Q6XZB0,0.8909090909090909,False
Q6Y7W6,0.12195121951219512,False
Q6YHK3,0.11224489795918367,False
Q6YHU6,0.4666666666666667,False
Q6YI46,1.0,False
Q6YP21,0.2,False
Q6ZMI0,0.09523809523809523,False
Q6ZMJ2,0.6923076923076923,False
Q6ZMN7,0.2222222222222222,False
Q6ZMN8,0.3333333333333333,False
Q6ZMP0,0.2413793103448276,False
Q6ZMQ8,0.3333333333333333,False
Q6ZMV9,0.45454545454545453,False
Q6ZMY3,0.23255813953488372,False
Q6ZMZ0,0.3333333333333333,False
Q6ZMZ3,0.4418604651162791,False
Q6ZN01,0.55,False
Q6ZN18,0.3076923076923077,True
Q6ZN19,1.0,True
Q6ZN54,1.0,False
Q6ZN84,0.4473684210526316,False
Q6ZNA4,0.3076923076923077,False
Q6ZNR0,0.3333333333333333,False
Q6ZP29,0.38461538461538464,False
Q6ZP80,0.75,False
Q6ZR08,0.7101449275362319,False
Q6ZR37,1.0,False
Q6ZR52,1.0,True
Q6ZRI6,1.0,False
Q6ZRI8,0.2727272727272727,False
Q6ZRR5,1.0,False
Q6ZRS2,0.015873015873015872,True
Q6ZRS4,0.4166666666666667,False
Q6ZS10,0.23076923076923078,False
Q6ZS17,0.16279069767441862,False
Q6ZS27,1.0,True
Q6ZS81,0.7464788732394366,False
Q6ZS86,0.38461538461538464,False
Q6ZSJ9,0.4,False
Q6ZT89,0.29411764705882354,False
Q6ZT98,0.2222222222222222,False
Q6ZTQ3,0.4,False
Q6ZTR5,0.2,False
Q6ZU64,1.0,False
Q6ZUJ8,0.42857142857142855,False
Q6ZUM4,1.0,False
Q6ZUT1,0.5714285714285714,False
Q6ZUT9,0.6,False
Q6ZV29,0.043478260869565216,False
Q6ZV50,0.3076923076923077,True
Q6ZV65,1.0,False
Q6ZVD7,0.7272727272727273,False
Q6ZVD8,0.14285714285714285,False
Q6ZVH7,0.7,False
Q6ZVM7,0.5454545454545454,False
Q6ZVN8,1.0,False
Q6ZVT0,0.42857142857142855,False
Q6ZWH5,1.0,False
Q702N8,1.0,False
Q709C8,0.05454545454545454,False
Q70E73,0.15384615384615385,False
Q70EL4,0.2,False
Q70HW3,0.3333333333333333,False
Q70J99,0.07692307692307693,False
Q70SY1,0.7692307692307693,True
Q70UQ0,1.0,False
Q70YC5,1.0,True
Q70Z44,1.0,False
Q71RC2,0.5955056179775281,False
Q71RG4,1.0,False
Q71SY5,0.2903225806451613,False
Q71UI9,1.0,False
Q75T13,0.23404255319148937,False
Q75VX8,0.5,False
Q76FK4,0.26666666666666666,False
Q76LX8,0.13793103448275862,False
Q7KYR7,0.4,False
Q7KZI7,0.24516129032258063,False
Q7L099,0.3442622950819672,False
Q7L0X2,0.1111111111111111,False
Q7L1Q6,0.22857142857142856,False
Q7L2E3,0.1206896551724138,False
Q7L2K0,0.29411764705882354,False
Q7L2R6,1.0,True
Q7L4E1,0.53125,False
Q7L513,1.0,False
Q7L576,0.34782608695652173,False
Q7L591,0.3333333333333333,False
Q7L5A3,0.38461538461538464,False
Q7L5Y1,0.2,False
Q7L5Y9,0.29411764705882354,False
Q7L7X3,0.05555555555555555,False
Q7LDG7,0.13333333333333333,False
Q7LG56,1.0,False
Q7LGA3,1.0,False
Q7RTN6,0.47368421052631576,False
Q7RTP6,0.2857142857142857,False
Q7RTR2,0.5652173913043478,False
Q7RTW8,0.2727272727272727,False
Q7RTX1,0.2727272727272727,False
Q7RTY8,0.21212121212121213,False
Q7Z2E3,1.0,False
Q7Z2H8,0.29411764705882354,False
Q7Z2W4,0.36363636363636365,False
Q7Z2W7,0.9259259259259259,False
Q7Z2X4,0.6363636363636364,False
Q7Z2Y5,0.7222222222222222,False
Q7Z309,0.3684210526315789,False
Q7Z392,0.0847457627118644,False
Q7Z3B4,0.21739130434782608,False
Q7Z3C6,0.7428571428571429,False
Q7Z3D4,0.5,False
Q7Z3D6,0.7959183673469388,False
Q7Z3K3,0.30097087378640774,False
Q7Z3K6,1.0,False
Q7Z3Q1,0.2727272727272727,False
Q7Z3S7,0.9673202614379085,False
Q7Z3S9,0.25,False
Q7Z3U7,0.10144927536231885,False
Q7Z3V4,0.6470588235294118,False
Q7Z3Z4,0.38636363636363635,False
Q7Z403,0.3333333333333333,False
Q7Z406,0.04878048780487805,False
Q7Z407,0.03317535545023697,False
Q7Z408,0.050359712230215826,False
Q7Z422,1.0,False
Q7Z434,0.6,False
Q7Z442,0.6363636363636364,False
Q7Z460,0.08695652173913043,False
Q7Z465,0.5909090909090909,False
Q7Z494,1.0,False
Q7Z4G4,0.4,False
Q7Z4H3,0.7777777777777778,False
Q7Z4H8,0.42857142857142855,False
Q7Z4I7,0.5652173913043478,False
Q7Z4K8,0.4594594594594595,False
Q7Z4N2,1.0,False
Q7Z4N8,0.625,False
Q7Z4S6,0.13286713286713286,False
Q7Z4V0,0.625,True
Q7Z4V5,0.125,False
Q7Z553,0.26666666666666666,False
Q7Z589,0.8823529411764706,False
Q7Z591,1.0,True
Q7Z5A7,0.45454545454545453,False
Q7Z5B4,1.0,False
Q7Z5H3,0.47368421052631576,False
Q7Z5J1,1.0,False
Q7Z5J8,0.42857142857142855,False
Q7Z5L0,1.0,False
Q7Z5L2,0.23076923076923078,False
Q7Z5L7,0.1724137931034483,False
Q7Z5L9,1.0,False
Q7Z5M8,1.0,False
Q7Z5Q1,0.30434782608695654,False
Q7Z5Y7,0.625,False
Q7Z614,0.3333333333333333,False
Q7Z692,0.125,False
Q7Z6B0,0.13043478260869565,False
Q7Z6E9,0.9183673469387755,False
Q7Z6G8,0.5488721804511278,False
Q7Z6L0,1.0,False
Q7Z6M3,0.4,False
Q7Z6Z7,0.024691358024691357,False
Q7Z736,0.28,False
Q7Z7A1,0.1891891891891892,False
Q7Z7A4,0.18840579710144928,False
Q7Z7B0,0.2727272727272727,False
Q7Z7C8,0.3333333333333333,False
Q7Z7D3,0.5,False
Q7Z7F0,0.35135135135135137,False
Q7Z7G1,0.48148148148148145,False
Q7Z7G8,0.8471337579617835,False
Q7Z7H5,0.5555555555555556,False
Q7Z7L9,0.5,True
Q86SE5,0.16,False
Q86SQ0,0.1,False
Q86SQ4,0.12,False
Q86SQ9,0.3333333333333333,False
Q86SR1,0.6,False
Q86SU0,0.7142857142857143,False
Q86SX3,0.7209302325581395,False
Q86T03,0.2857142857142857,False
Q86T90,1.0,False
Q86T96,0.45454545454545453,False
Q86TE4,0.3333333333333333,False
Q86TG7,1.0,False
Q86TI2,0.1206896551724138,False
Q86TI4,1.0,False
Q86TJ2,1.0,False
Q86TM6,0.23255813953488372,False
Q86TN4,0.6923076923076923,False
Q86TP1,1.0,False
Q86TS9,1.0,False
Q86TU7,0.3,False
Q86TW2,0.15789473684210525,False
Q86U06,0.08333333333333333,False
Q86U70,0.14285714285714285,False
Q86U86,0.4939759036144578,False
Q86UA6,0.6097560975609756,False
Q86UE8,0.09523809523809523,False
Q86UG4,0.04,False
Q86UK5,0.11627906976744186,False
Q86UN6,0.7272727272727273,False
Q86UP0,0.21739130434782608,False
Q86UP2,0.0658682634730539,False
Q86UP8,1.0,True
Q86UQ4,0.8,False
Q86UR1,0.25,False
Q86UR5,0.9172413793103448,False
Q86US8,0.3793103448275862,False
Q86UT5,0.5,False
Q86UU1,0.34545454545454546,False
Q86UU5,1.0,False
Q86UU9,0.7619047619047619,False
Q86UV5,0.6483516483516484,False
Q86UW7,0.13793103448275862,False
Q86UY5,0.7692307692307693,False
Q86UY6,0.2,False
Q86V25,1.0,False
Q86V42,0.75,False
Q86V48,0.5,False
Q86V88,0.45454545454545453,False
Q86VB7,0.125,False
Q86VE9,0.16666666666666666,False
Q86VF2,0.42857142857142855,False
Q86VF5,0.3684210526315789,False
Q86VF7,0.08064516129032258,False
Q86VH2,0.7735849056603774,False
Q86VK4,0.5918367346938775,True
Q86VL8,0.6610169491525424,False
Q86VP1,0.3333333333333333,False
Q86VP3,0.20833333333333334,False
Q86VQ3,1.0,False
Q86VS3,1.0,False
Q86VV4,0.38461538461538464,False
Q86VV8,0.04081632653061224,False
Q86VW1,0.29411764705882354,False
Q86VW2,0.18181818181818182,False
Q86VX9,0.3333333333333333,False
Q86W33,0.3076923076923077,False
Q86W42,0.2702702702702703,False
Q86W92,1.0,False
Q86WB0,0.2631578947368421,False
Q86WD7,1.0,False
Q86WI0,0.6,False
Q86WI3,0.9081632653061225,False
Q86WJ1,0.4,False
Q86WN1,0.4375,False
Q86WP2,0.6842105263157895,True
Q86WS4,0.5161290322580645,False
Q86WT6,0.6190476190476191,False
Q86X10,0.10344827586206896,False
Q86X24,0.3684210526315789,False
Q86X27,0.08108108108108109,False
Q86X29,0.7692307692307693,False
Q86X40,0.17647058823529413,False
Q86X67,0.16666666666666666,False
Q86X76,0.52,False
Q86XD5,0.3684210526315789,False
Q86XH1,0.2909090909090909,False
Q86XK2,0.06666666666666667,False
Q86XK3,0.7142857142857143,False
Q86XL3,0.875,False
Q86XP1,0.15789473684210525,False
Q86XR2,0.5714285714285714,False
Q86XR8,0.48717948717948717,False
Q86XW9,0.3793103448275862,False
Q86XX4,0.5612903225806452,False
Q86Y07,0.4642857142857143,False
Q86Y26,0.3181818181818182,False
Q86Y33,0.7,False
Q86Y37,0.375,False
Q86YD3,0.4444444444444444,False
Q86YE8,1.0,True
Q86YF9,0.9285714285714286,True
Q86YJ6,0.18181818181818182,False
Q86YL7,0.6428571428571429,False
Q86YM7,0.7142857142857143,False
Q86YN6,0.28888888888888886,False
Q86YP4,0.25,True
Q86YR7,0.3978494623655914,False
Q86YS7,0.15384615384615385,False
Q86YT5,0.391304347826087,False
Q86YT9,0.19230769230769232,False
Q86YW0,0.28,False
Q86YW5,0.625,False
Q86YW9,0.5826086956521739,False
Q86Z02,0.2857142857142857,False
Q8IU57,0.6666666666666666,False
Q8IU80,0.02857142857142857,False
Q8IUA7,0.813953488372093,False
Q8IUC8,0.18181818181818182,False
Q8IUD2,0.38271604938271603,False
Q8IUD6,0.8,False
Q8IUF8,0.6086956521739131,False
Q8IUG5,0.023809523809523808,False
Q8IUH4,0.26666666666666666,False
Q8IUK5,0.3333333333333333,False
Q8IUN9,0.45454545454545453,False
Q8IUQ4,1.0,False
Q8IUR6,0.6363636363636364,False
Q8IUR7,0.6949152542372882,False
Q8IUX1,0.7692307692307693,False
Q8IUX4,0.8,False
Q8IUZ0,0.16129032258064516,False
Q8IV33,0.8181818181818182,False
Q8IV35,0.3125,False
Q8IV36,0.15789473684210525,False
Q8IV63,0.20588235294117646,False
Q8IVF2,1.0,False
Q8IVF5,0.5283018867924528,False
Q8IVF7,0.058823529411764705,False
Q8IVH2,0.1875,True
Q8IVH8,0.04477611940298507,False
Q8IVI9,0.2786885245901639,False
Q8IVL0,0.06329113924050633,False
Q8IVL1,0.2896174863387978,False
Q8IVS8,0.4,False
Q8IVU3,0.1111111111111111,False
Q8IVV2,0.6883116883116883,False
Q8IVW1,1.0,False
Q8IVW6,0.125,True
Q8IW36,0.6363636363636364,True
Q8IW45,0.4444444444444444,False
Q8IW50,0.5,False
Q8IWA4,0.4074074074074074,False
Q8IWA5,0.09090909090909091,False
Q8IWB6,0.05263157894736842,False
Q8IWC1,0.09433962264150944,False
Q8IWD4,0.7692307692307693,False
Q8IWF9,0.14285714285714285,False
Q8IWK6,0.6153846153846154,False
Q8IWQ3,0.1794871794871795,False
Q8IWS0,0.5,False
Q8IWT0,0.5384615384615384,False
Q8IWT1,0.5,False
Q8IWV1,0.4,False
Q8IWV2,0.24324324324324326,False
Q8IWV8,0.7452830188679245,False
Q8IWW6,0.16417910447761194,False
Q8IWW8,1.0,False
Q8IWX7,0.18181818181818182,False
Q8IWZ3,1.0,False
Q8IX01,0.35714285714285715,False
Q8IX04,0.8970588235294118,False
Q8IX18,0.2,False
Q8IX21,1.0,False
Q8IX90,1.0,False
Q8IXB1,0.5471698113207547,False
Q8IXF0,0.803921568627451,True
Q8IXH8,0.4,False
Q8IXI2,0.1864406779661017,False
Q8IXJ6,0.23255813953488372,False
Q8IXK0,0.6470588235294118,False
Q8IXM2,0.47058823529411764,False
Q8IXM6,0.42857142857142855,False
Q8IXQ4,0.6666666666666666,False
Q8IXQ5,0.7419354838709677,False
Q8IXQ6,0.27586206896551724,False
Q8IXQ8,0.14285714285714285,False
Q8IXU6,0.34782608695652173,False
Q8IXY8,0.25,False
Q8IY17,0.046153846153846156,False
Q8IY22,0.11475409836065574,False
Q8IY31,0.7777777777777778,False
Q8IY33,0.48148148148148145,False
Q8IY49,0.42857142857142855,False
Q8IY57,1.0,False
Q8IYA8,0.45454545454545453,False
Q8IYB4,0.32075471698113206,False
Q8IYB5,0.25,False
Q8IYB7,0.6825396825396826,False
Q8IYD8,0.5714285714285714,False
Q8IYF3,0.3684210526315789,False
Q8IYH5,0.09090909090909091,True
Q8IYL2,0.47368421052631576,False
Q8IYU2,0.11627906976744186,False
Q8IYV9,1.0,False
Q8IYW2,0.7910447761194029,False
Q8IZ21,1.0,False
Q8IZ52,0.7142857142857143,False
Q8IZ83,0.15151515151515152,False
Q8IZ96,1.0,False
Q8IZC4,0.6470588235294118,False
Q8IZD2,0.40594059405940597,False
Q8IZF0,0.8367346938775511,False
Q8IZF5,0.3684210526315789,False
Q8IZF6,0.022222222222222223,False
Q8IZH2,0.6842105263157895,False
Q8IZL9,0.7142857142857143,False
Q8IZP0,0.5,False
Q8IZP9,0.1732283464566929,False
Q8IZQ8,0.18518518518518517,False
Q8IZR5,0.5384615384615384,False
Q8IZS8,0.5108695652173914,False
Q8N0S2,0.2,False
Q8N0S6,0.1111111111111111,False
Q8N0U4,1.0,False
Q8N0V5,0.6666666666666666,False
Q8N0W5,0.4666666666666667,False
Q8N0X2,0.7142857142857143,False
Q8N103,0.25,False
Q8N108,1.0,False
Q8N114,0.6190476190476191,False
Q8N122,0.6712328767123288,False
Q8N126,0.15789473684210525,False
Q8N137,0.21052631578947367,False
Q8N139,0.9024390243902439,False
Q8N157,0.47368421052631576,False
Q8N187,0.7096774193548387,True
Q8N1I0,0.02857142857142857,False
Q8N1K5,0.5,False
Q8N1M1,1.0,False
Q8N1V2,0.25925925925925924,False
Q8N1W1,0.24812030075187969,False
Q8N228,0.38461538461538464,True
Q8N264,0.8571428571428571,False
Q8N2C7,0.023622047244094488,False
Q8N2F6,0.6363636363636364,False
Q8N2G4,1.0,False
Q8N2G8,0.4782608695652174,False
Q8N2H9,0.68,False
Q8N2I2,0.75,True
Q8N2I9,0.27586206896551724,False
Q8N2K0,0.15384615384615385,False
Q8N2K1,0.23076923076923078,False
Q8N2M8,0.45454545454545453,False
Q8N2N9,0.8367346938775511,False
Q8N2R0,0.7,True
Q8N2S1,0.1111111111111111,False
Q8N2U9,0.5,False
Q8N2Z9,1.0,True
Q8N302,0.8823529411764706,False
Q8N336,0.14285714285714285,False
Q8N370,0.037037037037037035,False
Q8N371,1.0,False
Q8N3C0,0.8928571428571429,False
Q8N3C7,0.10344827586206896,False
Q8N3F0,1.0,False
Q8N3G9,0.34782608695652173,False
Q8N3J3,0.5555555555555556,False
Q8N3J6,0.3,False
Q8N3P4,0.058394160583941604,False
Q8N3R3,0.6470588235294118,False
Q8N3S3,0.5714285714285714,False
Q8N3V7,1.0,False
Q8N3X6,0.14285714285714285,True
Q8N3Z3,1.0,False
Q8N413,0.4,False
Q8N423,0.4857142857142857,False
Q8N443,0.5384615384615384,False
Q8N475,0.18181818181818182,False
Q8N490,1.0,False
Q8N4B1,1.0,False
Q8N4C6,0.07142857142857142,False
Q8N4C8,0.11392405063291139,False
Q8N4F4,0.5714285714285714,False
Q8N4H0,0.7777777777777778,False
Q8N4H5,1.0,False
Q8N4M1,0.29577464788732394,False
Q8N4S7,0.6666666666666666,False
Q8N4T0,0.8571428571428571,False
Q8N4T4,0.5,False
Q8N4X5,0.10526315789473684,False
Q8N4Y2,0.4117647058823529,False
Q8N568,0.20408163265306123,False
Q8N573,1.0,False
Q8N584,1.0,False
Q8N5A5,0.5,True
Q8N5C7,0.6666666666666666,False
Q8N5D0,0.26666666666666666,False
Q8N5D6,0.29411764705882354,False
Q8N5G2,0.4230769230769231,False
Q8N5H3,0.5,False
Q8N5H7,0.3225806451612903,False
Q8N5J2,0.1111111111111111,False
Q8N5R6,0.5,False
Q8N5U1,0.25,False
Q8N5V2,0.8064516129032258,False
Q8N5Y2,0.8076923076923077,False
Q8N5Y8,0.625,False
Q8N608,0.10679611650485436,False
Q8N612,0.18181818181818182,False
Q8N684,0.28,False
Q8N690,1.0,False
Q8N6C5,0.8666666666666667,False
Q8N6F1,0.75,False
Q8N6F7,0.6470588235294118,False
Q8N6G6,1.0,False
Q8N6I4,1.0,False
Q8N6K7,0.5555555555555556,False
Q8N6M6,0.6571428571428571,False
Q8N6N3,0.6666666666666666,False
Q8N6R0,0.3333333333333333,False
Q8N6S4,0.2,False
Q8N6T3,0.4915254237288136,False
Q8N6U8,0.4,False
Q8N6V4,1.0,False
Q8N720,0.6363636363636364,True
Q8N766,0.2087912087912088,False
Q8N7B6,0.52,False
Q8N7H5,0.18518518518518517,False
Q8N7N1,0.55,False
Q8N7P1,0.1,False
Q8N7R7,0.35714285714285715,False
Q8N7U6,0.18518518518518517,False
Q8N7X2,0.5,False
Q8N819,0.5555555555555556,False
Q8N8A2,0.6455696202531646,False
Q8N8E2,0.42857142857142855,True
Q8N8J6,0.1111111111111111,True
Q8N8K9,0.6666666666666666,False
Q8N8Q1,1.0,False
Q8N8Q3,0.8571428571428571,False
Q8N8Q8,1.0,False
Q8N8R3,1.0,False
Q8N8S7,0.21428571428571427,False
Q8N8W4,0.45454545454545453,False
Q8N945,0.3333333333333333,False
Q8N960,0.6808510638297872,False
Q8N983,0.7931034482758621,False
Q8N999,1.0,False
Q8N9A8,0.8125,False
Q8N9F7,0.1724137931034483,False
Q8N9H8,0.9,False
Q8N9I9,0.75,False
Q8N9L1,0.6923076923076923,True
Q8N9M1,0.375,False
Q8N9N5,0.4084507042253521,False
Q8N9W5,1.0,False
Q8N9W6,0.23809523809523808,False
Q8N9Z9,0.4444444444444444,False
Q8NA29,0.21428571428571427,False
Q8NA31,0.2413793103448276,True
Q8NA72,0.3793103448275862,False
Q8NAC3,0.2112676056338028,False
Q8NB25,0.22,False
Q8NB37,0.4782608695652174,False
Q8NB49,0.034482758620689655,False
Q8NB50,1.0,True
Q8NB59,0.7142857142857143,False
Q8NB78,0.16666666666666666,False
Q8NBI6,1.0,False
Q8NBJ7,0.8666666666666667,False
Q8NBK3,0.4,False
Q8NBM4,0.375,False
Q8NBN3,0.6296296296296297,False
Q8NBS3,0.07692307692307693,False
Q8NBT0,0.4,False
Q8NBW4,0.175,False
Q8NBZ7,0.46153846153846156,False
Q8NC06,0.4444444444444444,False
Q8NC51,0.5,False
Q8NC67,0.2222222222222222,False
Q8NCB2,0.3,False
Q8NCC5,0.2894736842105263,False
Q8NCD3,0.45454545454545453,False
Q8NCE0,0.3488372093023256,False
Q8NCE2,0.1111111111111111,False
Q8NCF5,0.8181818181818182,False
Q8NCG7,0.2857142857142857,False
Q8NCI6,0.4666666666666667,False
Q8NCL8,0.4230769230769231,False
Q8NCM2,0.3225806451612903,False
Q8NCM8,0.7135678391959799,False
Q8NCP5,0.6190476190476191,True
Q8NCR6,1.0,False
Q8NCS7,0.043478260869565216,False
Q8NCT3,1.0,False
Q8NCW0,0.5102040816326531,False
Q8NCX0,0.7142857142857143,False
Q8ND04,1.0,False
Q8ND30,0.15625,False
Q8ND56,0.27586206896551724,False
Q8ND76,0.25,False
Q8ND83,0.5,False
Q8NDA8,0.6226415094339622,False
Q8NDB2,0.0967741935483871,False
Q8NDD1,0.42857142857142855,False
Q8NDH3,0.16666666666666666,False
Q8NDI1,0.13043478260869565,False
Q8NDL9,0.2894736842105263,False
Q8NDQ6,0.14285714285714285,True
Q8NDV7,0.061224489795918366,False
Q8NDW8,0.08771929824561403,False
Q8NDX5,0.9090909090909091,False
Q8NDZ2,0.4444444444444444,False
Q8NDZ6,0.75,False
Q8NE01,0.2,False
Q8NE09,0.6666666666666666,False
Q8NE18,0.14285714285714285,False
Q8NE31,0.5901639344262295,False
Q8NE86,0.25,False
Q8NEB5,0.68,False
Q8NEL9,0.21052631578947367,False
Q8NEM0,0.4827586206896552,False
Q8NEM7,0.136986301369863,False
Q8NEM8,0.3333333333333333,False
Q8NEP3,0.42857142857142855,False
Q8NEP7,0.42857142857142855,False
Q8NEP9,0.5,True
Q8NER5,0.375,False
Q8NES3,0.2727272727272727,False
Q8NET8,0.1,False
Q8NEU8,0.1774193548387097,False
Q8NEY1,0.08771929824561403,False
Q8NEY8,0.4915254237288136,False
Q8NEZ2,0.7777777777777778,False
Q8NEZ4,0.058823529411764705,False
Q8NEZ5,1.0,False
Q8NF50,0.07194244604316546,False
Q8NF64,0.19230769230769232,False
Q8NF91,0.5876777251184834,False
Q8NF99,0.7,True
Q8NFA2,0.375,False
Q8NFD5,0.15,False
Q8NFF2,0.16,False
Q8NFF5,1.0,False
Q8NFG4,0.5,False
Q8NFH5,0.29411764705882354,False
Q8NFI3,0.42857142857142855,False
Q8NFJ9,1.0,False
Q8NFM7,0.2727272727272727,False
Q8NFP9,0.5733333333333334,False
Q8NFR7,0.42857142857142855,False
Q8NFR9,0.1875,False
Q8NFT2,0.3076923076923077,False
Q8NFT6,0.1724137931034483,False
Q8NFU3,1.0,False
Q8NFV4,1.0,False
Q8NFW1,0.007874015748031496,False
Q8NFW9,0.6323529411764706,False
Q8NFX7,0.7142857142857143,False
Q8NFY4,0.3230769230769231,False
Q8NFZ3,0.3333333333333333,False
Q8NG11,0.4,False
Q8NG27,1.0,False
Q8NG31,0.0196078431372549,False
Q8NG48,0.4,False
Q8NG50,0.7692307692307693,False
Q8NG66,0.22807017543859648,False
Q8NHE4,0.7,False
Q8NHH9,0.3469387755102041,False
Q8NHM5,0.5263157894736842,True
Q8NHP7,0.23809523809523808,False
Q8NHQ1,0.7647058823529411,False
Q8NHS9,0.3181818181818182,False
Q8NHU2,1.0,False
Q8NHV4,0.2682926829268293,False
Q8NHW4,0.6,False
Q8NHY0,0.15625,False
Q8NHY2,0.9285714285714286,False
Q8NI08,0.5588235294117647,False
Q8NI17,0.5764705882352941,False
Q8NI22,1.0,False
Q8NI35,0.30434782608695654,False
Q8NI38,0.23809523809523808,False
Q8NI51,0.8829787234042553,True
Q8NI60,0.14285714285714285,False
Q8TAA3,0.2857142857142857,False
Q8TAB3,0.625,False
Q8TAC9,0.16666666666666666,False
Q8TAD4,0.8695652173913043,False
Q8TAF3,0.15789473684210525,False
Q8TAM2,0.6571428571428571,False
Q8TAP4,0.4666666666666667,False
Q8TAP6,0.21739130434782608,False
Q8TAQ2,0.06896551724137931,False
Q8TAQ9,0.4642857142857143,False
Q8TAS1,0.34782608695652173,False
Q8TAV0,0.4186046511627907,False
Q8TAX9,0.19230769230769232,False
Q8TB03,0.4,False
Q8TB22,0.4,False
Q8TB61,1.0,False
Q8TB72,0.13559322033898305,False
Q8TB92,1.0,False
Q8TBB0,0.45454545454545453,True
Q8TBB5,0.3,False
Q8TBC5,0.5,True
Q8TBE0,0.6666666666666666,False
Q8TBF2,0.7142857142857143,False
Q8TBG4,0.2894736842105263,False
Q8TBM7,0.5384615384615384,False
Q8TBP0,0.6470588235294118,False
Q8TBX8,0.3793103448275862,False
Q8TBY0,0.25,False
Q8TBY8,0.2777777777777778,False
Q8TBY9,0.15789473684210525,False
Q8TBZ3,1.0,False
Q8TC05,0.7647058823529411,False
Q8TC07,0.1346153846153846,False
Q8TC12,0.4,False
Q8TC20,0.7169811320754716,False
Q8TC57,0.05263157894736842,False
Q8TCA0,0.4,False
Q8TCC3,1.0,False
Q8TCC7,0.1724137931034483,False
Q8TCF1,0.8518518518518519,False
Q8TCG5,0.05555555555555555,False
Q8TCI5,0.45454545454545453,False
Q8TCJ0,0.3076923076923077,False
Q8TCT1,1.0,False
Q8TCT7,0.5135135135135135,False
Q8TCT9,0.1891891891891892,False
Q8TCX1,0.5789473684210527,False
Q8TCY9,0.5714285714285714,False
Q8TCZ2,0.8717948717948718,False
Q8TD07,1.0,False
Q8TD08,0.5,False
Q8TD26,0.8095238095238095,False
Q8TD31,0.05555555555555555,False
Q8TD43,0.061224489795918366,False
Q8TD46,0.5714285714285714,False
Q8TDB8,0.7560975609756098,False
Q8TDC0,1.0,False
Q8TDC3,0.52,False
Q8TDF6,0.3185840707964602,False
Q8TDJ6,0.05511811023622047,False
Q8TDN4,0.25,False
Q8TDQ1,0.8285714285714286,False
Q8TDQ7,0.6190476190476191,False
Q8TDW4,0.5,False
Q8TDX6,0.6,False
Q8TDY4,0.5932203389830508,False
Q8TDZ2,0.08333333333333333,False
Q8TE02,0.6,False
Q8TE04,0.23076923076923078,False
Q8TE67,0.16666666666666666,False
Q8TE68,0.23529411764705882,False
Q8TE76,0.17647058823529413,False
Q8TE77,0.43243243243243246,False
Q8TE85,0.27631578947368424,True
Q8TEA7,0.0958904109589041,False
Q8TEB1,0.325,False
Q8TED0,0.34375,False
Q8TED4,0.05555555555555555,False
Q8TED9,0.08108108108108109,False
Q8TEH3,0.26229508196721313,False
Q8TEL6,0.10526315789473684,False
Q8TER0,0.13793103448275862,False
Q8TER5,0.06666666666666667,False
Q8TES7,0.08771929824561403,False
Q8TEU7,0.3885350318471338,False
Q8TEW0,0.391304347826087,False
Q8TEW8,1.0,False
Q8TEY7,0.25,False
Q8TF17,0.11764705882352941,False
Q8TF40,0.375,False
Q8TF46,0.15151515151515152,False
Q8TF68,0.25,True
Q8WTR4,0.4666666666666667,False
Q8WTV0,0.391304347826087,False
Q8WTV1,0.8,True
Q8WU08,0.4444444444444444,False
Q8WU39,1.0,False
Q8WU68,0.7,False
Q8WU79,0.35714285714285715,False
Q8WUA7,0.6190476190476191,False
Q8WUB8,0.3142857142857143,False
Q8WUF8,0.3333333333333333,False
Q8WUH1,0.42857142857142855,False
Q8WUI4,0.16,False
Q8WUK0,1.0,False
Q8WUM4,0.16666666666666666,False
Q8WUP2,0.8235294117647058,False
Q8WUR7,0.5384615384615384,False
Q8WV16,0.5833333333333334,False
Q8WV28,0.14285714285714285,False
Q8WV37,1.0,True
Q8WV44,0.2857142857142857,False
Q8WV48,0.7916666666666666,False
Q8WV60,0.4782608695652174,False
Q8WVB6,0.16279069767441862,False
Q8WVF1,0.6538461538461539,False
Q8WVM8,0.14285714285714285,False
Q8WVN8,0.21052631578947367,False
Q8WVV5,0.3548387096774194,False
Q8WVV9,0.7391304347826086,False
Q8WVZ1,0.3684210526315789,False
Q8WW12,1.0,False
Q8WW14,0.3333333333333333,False
Q8WW22,0.18181818181818182,False
Q8WWA1,0.1,False
Q8WWB5,0.35714285714285715,False
Q8WWI5,0.125,False
Q8WWK9,0.75,False
Q8WWL2,0.14285714285714285,False
Q8WWL7,0.7142857142857143,False
Q8WWM7,0.12408759124087591,False
Q8WWQ2,0.28888888888888886,False
Q8WWR8,0.45454545454545453,False
Q8WWR9,0.25,False
Q8WWT9,0.5,False
Q8WWU5,0.32075471698113206,False
Q8WWW0,0.625,False
Q8WWW8,0.27586206896551724,False
Q8WWX8,0.4927536231884058,False
Q8WWY3,0.2,False
Q8WWZ4,0.88,False
Q8WX93,0.4626865671641791,False
Q8WX94,0.27586206896551724,False
Q8WXA3,0.35714285714285715,False
Q8WXE1,0.1891891891891892,False
Q8WXG6,0.16923076923076924,False
Q8WXH0,1.0,False
Q8WXH4,0.2857142857142857,False
Q8WXI2,0.19047619047619047,False
Q8WXI3,0.35714285714285715,False
Q8WXQ8,0.23809523809523808,False
Q8WXR4,0.11764705882352941,False
Q8WXS3,1.0,False
Q8WXS8,0.09090909090909091,False
Q8WXU2,0.28,False
Q8WXW3,0.5833333333333334,False
Q8WXX0,1.0,False
Q8WXX7,0.7857142857142857,False
Q8WY36,0.5116279069767442,True
Q8WY98,0.5789473684210527,False
Q8WYA0,0.3103448275862069,False
Q8WYA1,0.2803738317757009,True
Q8WYA6,0.46153846153846156,False
Q8WYB5,0.125,False
Q8WYL5,0.21428571428571427,False
Q8WYN0,0.2,False
Q8WYP5,0.04672897196261682,True
Q8WYQ5,0.12,False
Q8WZ42,0.8214032600992204,False
Q8WZ73,0.2,False
Q8WZA2,0.14285714285714285,False
Q92466,0.8571428571428571,False
Q92496,0.6538461538461539,False
Q92503,0.2,False
Q92523,0.14285714285714285,False
Q92526,0.25,False
Q92538,0.05128205128205128,False
Q92540,0.22727272727272727,False
Q92556,0.6296296296296297,False
Q92564,0.25,False
Q92567,0.29411764705882354,False
Q92569,0.15789473684210525,False
Q92570,0.8125,True
Q92581,0.125,False
Q92597,0.14285714285714285,False
Q92598,0.2,False
Q92599,0.3684210526315789,False
Q92600,0.28,False
Q92614,0.05,False
Q92622,0.1,False
Q92629,0.3181818181818182,False
Q92729,0.14754098360655737,False
Q92731,0.58,True
Q92734,0.2857142857142857,False
Q92766,0.2222222222222222,True
Q92782,0.2727272727272727,True
Q92784,0.27586206896551724,True
Q92796,0.45454545454545453,False
Q92800,0.18181818181818182,False
Q92802,0.7142857142857143,False
Q92823,0.14814814814814814,False
Q92833,0.1875,False
Q92834,0.4489795918367347,False
Q92835,0.07692307692307693,False
Q92838,1.0,False
Q92844,0.8,False
Q92845,0.15789473684210525,False
Q92851,0.44,False
Q92859,0.08235294117647059,False
Q92870,0.7391304347826086,False
Q92876,1.0,False
Q92879,0.3442622950819672,False
Q92888,0.14814814814814814,False
Q92896,0.12658227848101267,False
Q92902,0.5813953488372093,False
Q92913,0.23076923076923078,False
Q92925,0.15384615384615385,False
Q92932,0.1044776119402985,False
Q92954,0.18181818181818182,False
Q92963,0.4,False
Q92973,0.14285714285714285,False
Q92974,0.16923076923076924,False
Q92985,0.7575757575757576,True
Q92993,0.15384615384615385,False
Q92994,1.0,False
Q93038,0.8611111111111112,False
Q93050,0.05,False
Q93062,0.14285714285714285,False
Q93063,0.18518518518518517,False
Q93074,0.08888888888888889,False
Q93084,0.13636363636363635,False
Q93086,1.0,False
Q93100,0.06451612903225806,False
Q95460,0.6190476190476191,False
Q969E2,0.09090909090909091,False
Q969G3,0.4230769230769231,False
Q969H0,0.09090909090909091,False
Q969J5,0.4,False
Q969K4,0.3,False
Q969K7,0.6363636363636364,False
Q969M3,0.3333333333333333,False
Q969M7,1.0,False
Q969N2,0.6078431372549019,False
Q969R2,0.46153846153846156,False
Q969R5,0.1875,False
Q969S0,0.3333333333333333,False
Q969S2,0.7,False
Q969S8,0.4117647058823529,False
Q969S9,0.32075471698113206,False
Q969T3,0.5714285714285714,False
Q969W1,0.4444444444444444,False
Q969W9,0.7272727272727273,False
Q969X2,0.47058823529411764,False
Q969X5,0.375,False
Q969X6,0.25925925925925924,False
Q969Y2,0.5428571428571428,False
Q96A37,0.6,False
Q96A59,1.0,False
Q96A70,0.3333333333333333,False
Q96A73,0.23076923076923078,False
Q96AA8,0.13924050632911392,False
Q96AB3,0.5714285714285714,False
Q96AC1,0.16279069767441862,False
Q96AG3,0.5714285714285714,False
Q96AH0,1.0,False
Q96AN5,0.42857142857142855,False
Q96AQ6,0.2631578947368421,False
Q96AQ7,0.5714285714285714,False
Q96AT9,0.8,False
Q96AV8,0.13043478260869565,True
Q96AW1,0.4,False
Q96AX2,0.3076923076923077,False
Q96AX9,0.3023255813953488,False
Q96AZ1,0.7142857142857143,False
Q96B01,0.35714285714285715,False
Q96B02,0.3684210526315789,False
Q96B36,0.5555555555555556,False
Q96B86,0.7272727272727273,False
Q96B97,0.3125,False
Q96BD5,0.125,True
Q96BI3,0.6842105263157895,False
Q96BJ3,0.2222222222222222,False
Q96BJ8,0.25,False
Q96BS2,0.7142857142857143,False
Q96BT7,0.4782608695652174,False
Q96BW1,0.8181818181818182,False
Q96BW9,0.3181818181818182,False
Q96BY6,0.017857142857142856,False
Q96C03,0.7,False
Q96C11,0.39622641509433965,False
Q96C12,0.6,False
Q96C92,0.1111111111111111,False
Q96CB9,0.45454545454545453,False
Q96CG8,0.5,False
Q96CM8,0.2653061224489796,False
Q96CP6,0.15789473684210525,False
Q96CQ1,0.5263157894736842,False
Q96CS7,0.6875,False
Q96CV9,0.15384615384615385,False
Q96CW5,0.11627906976744186,False
Q96D71,0.21052631578947367,False
Q96D96,0.47058823529411764,False
Q96DB5,0.35714285714285715,False
Q96DE0,1.0,False
Q96DH6,0.4827586206896552,False
Q96DN5,0.14285714285714285,False
Q96DR7,0.8064516129032258,False
Q96DT0,0.5238095238095238,False
Q96DT7,0.3684210526315789,True
Q96DU3,0.4782608695652174,False
Q96DX5,0.5263157894736842,False
Q96DY2,0.6666666666666666,False
Q96DZ1,0.25,False
Q96DZ9,0.7727272727272727,False
Q96E11,0.8,False
Q96E66,1.0,False
Q96EB1,0.3333333333333333,False
Q96EK2,0.15384615384615385,False
Q96EN9,0.6,False
Q96EP0,0.15,False
Q96EP1,0.21686746987951808,False
Q96ET8,1.0,False
Q96EV8,0.2631578947368421,False
Q96EX2,0.1,False
Q96EY1,0.41935483870967744,False
Q96EY5,0.29411764705882354,False
Q96EZ8,0.43243243243243246,False
Q96F24,0.7142857142857143,False
Q96F44,0.6470588235294118,False
Q96FC7,1.0,False
Q96FC9,0.8623853211009175,False
Q96FE7,0.8,False
Q96FG2,0.5238095238095238,False
Q96FL8,0.14285714285714285,False
Q96FL9,0.15217391304347827,False
Q96FM1,0.45454545454545453,False
Q96FT9,0.7142857142857143,False
Q96FV3,0.7272727272727273,False
Q96G01,1.0,False
Q96G25,0.55,False
Q96G46,0.28,False
Q96G74,0.3076923076923077,False
Q96G97,0.5789473684210527,False
Q96GC6,0.47058823529411764,True
Q96GD3,0.38235294117647056,True
Q96GD4,0.6129032258064516,False
Q96GE6,1.0,False
Q96GJ1,0.13043478260869565,False
Q96GN5,0.3684210526315789,False
Q96GS6,0.1111111111111111,False
Q96GX5,0.22857142857142856,False
Q96GZ6,0.3,False
Q96H22,0.5454545454545454,False
Q96H55,0.5492957746478874,False
Q96H96,0.2857142857142857,False
Q96HA1,0.1891891891891892,False
Q96HA4,0.28,False
Q96HB5,0.3142857142857143,False
Q96HC4,1.0,False
Q96HH9,0.2647058823529412,False
Q96HJ5,0.5714285714285714,False
Q96HL8,1.0,False
Q96HN2,0.17647058823529413,False
Q96HQ0,1.0,True
Q96HW7,0.42857142857142855,False
Q96HZ4,0.7333333333333333,True
Q96I51,0.3225806451612903,False
Q96II8,0.25925925925925924,False
Q96IV0,0.3191489361702128,False
Q96IZ2,0.23076923076923078,False
Q96IZ5,0.5909090909090909,False
Q96J02,0.16176470588235295,False
Q96J65,0.5180722891566265,False
Q96J77,1.0,False
Q96J86,0.25,False
Q96J87,0.42857142857142855,False
Q96J88,0.25,False
Q96JA3,0.12195121951219512,False
Q96JA4,0.4,False
Q96JB5,0.07142857142857142,False
Q96JB8,0.21052631578947367,False
Q96JD6,0.5121951219512195,False
Q96JE9,1.0,False
Q96JG6,0.5970149253731343,False
Q96JG8,0.25,False
Q96JI7,0.20909090909090908,False
Q96JK2,0.3076923076923077,False
Q96JL9,0.09090909090909091,True
Q96JM2,0.30434782608695654,True
Q96JN0,0.4,True
Q96JN2,0.5384615384615384,False
Q96JX3,0.22580645161290322,False
Q96JY0,0.13043478260869565,False
Q96JY6,0.35135135135135137,False
Q96K17,1.0,False
Q96K19,1.0,False
Q96K21,0.5121951219512195,False
Q96K30,1.0,False
Q96K76,0.07142857142857142,False
Q96KD3,0.5714285714285714,False
Q96KE9,0.42857142857142855,False
Q96KG9,0.2777777777777778,False
Q96KN7,0.3888888888888889,False
Q96KN8,0.6666666666666666,False
Q96KP6,0.3333333333333333,False
Q96KR4,0.09090909090909091,False
Q96KR7,0.1836734693877551,False
Q96KV7,0.8297872340425532,False
Q96L08,0.4,False
Q96L73,0.09523809523809523,False
Q96L92,0.16666666666666666,False
Q96L93,0.15151515151515152,False
Q96LA5,1.0,False
Q96LA6,0.4375,False
Q96LB4,1.0,False
Q96LC7,0.4098360655737705,False
Q96LC9,1.0,False
Q96LI6,1.0,True
Q96LP6,0.4,False
Q96LW2,0.6470588235294118,False
Q96LX7,0.7333333333333333,True
Q96LZ7,0.2,False
Q96M20,0.11764705882352941,False
Q96M27,0.25,False
Q96M83,0.6470588235294118,False
Q96M93,0.2727272727272727,False
Q96MD7,1.0,False
Q96ME7,0.23076923076923078,True
Q96MF2,0.4642857142857143,False
Q96MF6,0.5714285714285714,False
Q96MH6,1.0,False
Q96MI6,0.42857142857142855,False
Q96MM7,0.75,False
Q96MN2,0.17647058823529413,False
Q96MS3,0.7692307692307693,False
Q96MT1,0.25925925925925924,False
Q96MT8,0.16666666666666666,False
Q96MU8,0.35714285714285715,False
Q96MV8,0.14285714285714285,False
Q96MZ0,0.8,False
Q96N03,1.0,False
Q96N16,0.4098360655737705,False
Q96N19,0.4,False
Q96N46,0.22857142857142856,False
Q96N64,1.0,False
Q96N66,0.6666666666666666,False
Q96N67,0.684887459807074,False
Q96N77,0.6,True
Q96N95,0.6666666666666666,True
Q96N96,0.2558139534883721,False
Q96NE9,0.7,False
Q96NH3,0.9558823529411765,False
Q96NJ5,0.2222222222222222,False
Q96NL0,0.18181818181818182,False
Q96NL6,0.7352941176470589,False
Q96NM4,0.28,False
Q96NN9,0.06896551724137931,False
Q96NT3,0.3333333333333333,False
Q96NX9,0.3488372093023256,True
Q96NZ1,0.5384615384615384,True
Q96NZ9,0.6,False
Q96P11,0.3684210526315789,False
Q96P15,1.0,False
Q96P26,1.0,False
Q96P31,0.21428571428571427,False
Q96P44,0.017543859649122806,False
Q96P47,0.7692307692307693,False
Q96P48,0.11475409836065574,False
Q96P56,0.29411764705882354,False
Q96P71,0.2,False
Q96PB7,0.8,False
Q96PC3,0.5555555555555556,False
Q96PC5,1.0,False
Q96PE1,0.14285714285714285,False
Q96PE3,0.11578947368421053,False
Q96PE5,0.6,False
Q96PH1,1.0,False
Q96PK6,1.0,False
Q96PM5,0.5102040816326531,False
Q96PM9,0.4,True
Q96PN6,0.12359550561797752,False
Q96PN7,0.1,True
Q96PQ6,0.2727272727272727,True
Q96PQ7,0.14285714285714285,False
Q96PR1,0.7272727272727273,False
Q96PU5,0.2982456140350877,False
Q96PU8,0.4418604651162791,False
Q96PU9,0.09090909090909091,False
Q96PV7,0.17647058823529413,False
Q96PY6,0.049079754601226995,False
Q96Q07,0.1724137931034483,False
Q96Q11,0.8125,False
Q96Q40,0.21568627450980393,False
Q96Q42,0.8888888888888888,False
Q96Q45,0.15384615384615385,False
Q96Q80,0.4,False
Q96Q89,0.0625,False
Q96Q91,0.2289156626506024,False
Q96QB1,1.0,False
Q96QD9,0.8666666666666667,False
Q96QF0,1.0,False
Q96QS1,0.35714285714285715,False
Q96QT6,0.4,False
Q96QU1,0.391025641025641,False
Q96QZ7,0.17391304347826086,False
Q96RD9,0.4,False
Q96RF0,1.0,False
Q96RG2,0.23404255319148937,False
Q96RI1,0.2,True
Q96RK4,0.4878048780487805,False
Q96RL1,0.2894736842105263,False
Q96RL7,0.060498220640569395,False
Q96RN1,0.05555555555555555,False
Q96RN5,0.17647058823529413,False
Q96RR1,0.75,False
Q96RR4,0.21495327102803738,False
Q96RS6,0.2,False
Q96RT1,0.13043478260869565,False
Q96RU2,0.3,False
Q96RU3,0.25,False
Q96RV3,0.08571428571428572,False
Q96S19,1.0,False
Q96S37,0.42857142857142855,False
Q96S53,0.2631578947368421,False
Q96S55,0.5384615384615384,False
Q96S66,0.4117647058823529,False
Q96S94,0.4838709677419355,False
Q96SA4,0.21951219512195122,False
Q96SD1,0.14285714285714285,False
Q96SK2,0.09302325581395349,False
Q96SK3,0.5,True
Q96SN8,0.0625,False
Q96SR6,0.7,True
Q96SU4,0.3333333333333333,False
Q96SY0,0.15625,False
Q96SZ4,1.0,True
Q96SZ6,0.15384615384615385,False
Q96T17,0.2542372881355932,False
Q96T21,0.125,False
Q96T23,0.25925925925925924,False
Q96T37,1.0,False
Q96T51,0.08571428571428572,False
Q96T55,0.42857142857142855,False
Q96T66,0.6666666666666666,False
Q96T68,0.1111111111111111,True
Q96T76,1.0,False
Q96TA2,0.15789473684210525,False
Q99062,0.08695652173913043,False
Q99081,0.4,True
Q99102,0.9453125,False
Q99217,0.2,False
Q99259,0.6470588235294118,False
Q99435,0.12195121951219512,False
Q99447,0.2,False
Q99471,1.0,False
Q99489,0.42857142857142855,False
Q99501,0.3333333333333333,False
Q99502,0.23404255319148937,False
Q99504,0.0625,False
Q99536,0.47058823529411764,False
Q99538,0.16666666666666666,False
Q99542,0.8333333333333334,False
Q99571,0.2,False
Q99572,0.7674418604651163,False
Q99576,0.625,False
Q99593,0.45454545454545453,True
Q99612,1.0,True
Q99640,0.4838709677419355,False
Q99643,0.7916666666666666,False
Q99665,0.21428571428571427,False
Q99687,0.3333333333333333,True
Q99697,0.4,True
Q99698,0.49295774647887325,False
Q99700,0.13043478260869565,False
Q99704,1.0,False
Q99706,0.16666666666666666,False
Q99708,0.14285714285714285,False
Q99715,0.2247191011235955,False
Q99720,1.0,False
Q99728,0.88,False
Q99729,0.23076923076923078,False
Q99732,0.3333333333333333,False
Q99755,0.2727272727272727,False
Q99766,0.6666666666666666,False
Q99784,0.6153846153846154,False
Q99801,1.0,True
Q99832,0.5,False
Q99836,1.0,False
Q99873,0.3793103448275862,False
Q99932,0.42857142857142855,False
Q99961,0.3793103448275862,False
Q99963,0.2222222222222222,False
Q9BPW4,0.25,False
Q9BPW9,0.75,False
Q9BPX6,0.4594594594594595,False
Q9BPY8,1.0,False
Q9BPZ7,0.782608695652174,False
Q9BQ16,0.88,False
Q9BQ51,0.09090909090909091,False
Q9BQ52,0.10638297872340426,False
Q9BQ65,0.6470588235294118,False
Q9BQ95,0.6521739130434783,False
Q9BQB6,1.0,False
Q9BQC3,0.45454545454545453,False
Q9BQE9,0.45454545454545453,False
Q9BQF6,0.6875,False
Q9BQI0,0.68,False
Q9BQI5,0.19491525423728814,False
Q9BQQ3,0.8571428571428571,False
Q9BQS2,0.25,False
Q9BQS7,0.21052631578947367,False
Q9BQT9,0.8095238095238095,False
Q9BQY9,1.0,False
Q9BRB3,0.8571428571428571,False
Q9BRF8,0.4,False
Q9BRK3,0.38461538461538464,False
Q9BRL7,0.29411764705882354,False
Q9BRP4,0.41935483870967744,False
Q9BRQ3,0.1111111111111111,False
Q9BRQ4,0.6363636363636364,False
Q9BRR6,1.0,False
Q9BRR9,0.3230769230769231,False
Q9BRT8,0.9148936170212766,False
Q9BRV3,0.8125,False
Q9BRX5,0.6666666666666666,False
Q9BSC4,0.16393442622950818,False
Q9BSG1,0.6666666666666666,True
Q9BSG5,0.3333333333333333,False
Q9BSI4,0.4666666666666667,False
Q9BSJ2,0.16,False
Q9BSJ5,0.45454545454545453,False
Q9BSQ5,0.4594594594594595,False
Q9BST9,0.22857142857142856,False
Q9BT04,0.23809523809523808,False
Q9BT25,0.4,False
Q9BT76,0.6363636363636364,False
Q9BTA9,0.574468085106383,False
Q9BTC0,0.5909090909090909,False
Q9BTD8,0.35714285714285715,False
Q9BTE1,0.8,False
Q9BTE3,0.1875,False
Q9BTE6,1.0,False
Q9BTM9,0.75,False
Q9BTT0,0.5263157894736842,False
Q9BTX1,0.1111111111111111,False
Q9BTZ2,0.8333333333333334,False
Q9BU19,1.0,True
Q9BU23,0.18518518518518517,False
Q9BU40,0.12903225806451613,False
Q9BUB5,0.16666666666666666,False
Q9BUB7,1.0,False
Q9BUJ2,0.3103448275862069,False
Q9BUK0,1.0,False
Q9BUK6,0.8305084745762712,False
Q9BUL5,0.6,False
Q9BUP3,1.0,False
Q9BUU2,0.6923076923076923,False
Q9BUV0,0.6666666666666666,False
Q9BUV8,0.7142857142857143,False
Q9BUY7,1.0,False
Q9BV29,1.0,False
Q9BV35,0.22580645161290322,False
Q9BV36,0.32075471698113206,False
Q9BV97,0.5,True
Q9BVC4,0.125,False
Q9BVG8,0.19230769230769232,False
Q9BVJ6,0.1724137931034483,False
Q9BVL2,0.3181818181818182,False
Q9BVN2,0.42857142857142855,False
Q9BVQ7,0.5384615384615384,False
Q9BVV6,0.14285714285714285,False
Q9BW11,0.47058823529411764,True
Q9BW66,0.5714285714285714,False
Q9BW71,0.6666666666666666,False
Q9BWF3,1.0,False
Q9BWG6,0.23076923076923078,False
Q9BWH6,0.1111111111111111,False
Q9BWK5,1.0,False
Q9BWL3,0.6666666666666666,False
Q9BWP8,0.6296296296296297,False
Q9BWS9,0.25,False
Q9BWT1,0.4444444444444444,False
Q9BWV2,0.7692307692307693,False
Q9BWW4,0.19230769230769232,False
Q9BX10,0.2727272727272727,False
Q9BX46,0.7,False
Q9BX59,0.3333333333333333,False
Q9BX66,0.3233082706766917,False
Q9BX79,0.8775510204081632,False
Q9BX84,0.09090909090909091,False
Q9BXA9,1.0,True
Q9BXD5,0.4827586206896552,False
Q9BXF3,0.1282051282051282,False
Q9BXJ4,0.16666666666666666,False
Q9BXK5,0.2727272727272727,False
Q9BXL6,0.23529411764705882,False
Q9BXM0,1.0,False
Q9BXM9,0.7777777777777778,False
Q9BXN2,1.0,False
Q9BXP2,0.1891891891891892,False
Q9BXP5,0.10526315789473684,False
Q9BXS0,0.05714285714285714,False
Q9BXS6,0.5333333333333333,False
Q9BXS9,0.36585365853658536,False
Q9BXT4,0.061224489795918366,False
Q9BXT6,0.945054945054945,False
Q9BXU1,0.1,False
Q9BXW6,0.4444444444444444,False
Q9BXW9,0.76,False
Q9BXY5,0.16,False
Q9BY07,0.21649484536082475,False
Q9BY08,1.0,False
Q9BY15,0.0967741935483871,False
Q9BY32,0.45454545454545453,False
Q9BY41,0.8571428571428571,False
Q9BY44,0.3076923076923077,False
Q9BY66,0.038461538461538464,False
Q9BY67,0.23809523809523808,False
Q9BY76,0.23076923076923078,False
Q9BYC5,0.8571428571428571,False
Q9BYE2,0.4915254237288136,False
Q9BYG7,0.3333333333333333,False
Q9BYH1,0.3125,False
Q9BYH8,0.25,False
Q9BYI3,0.1,False
Q9BYM8,0.5862068965517241,True
Q9BYP7,0.07352941176470588,False
Q9BYT1,0.15384615384615385,False
Q9BYV6,0.6571428571428571,False
Q9BYV7,0.4444444444444444,False
Q9BYV8,0.8787878787878788,False
Q9BYW1,0.16666666666666666,False
Q9BYX2,0.6428571428571429,False
Q9BYZ6,0.27586206896551724,False
Q9BZ11,0.11627906976744186,False
Q9BZ23,0.23076923076923078,False
Q9BZ29,0.3586206896551724,False
Q9BZ67,0.25,False
Q9BZ71,0.07692307692307693,False
Q9BZ72,0.041666666666666664,False
Q9BZ95,0.5844155844155844,False
Q9BZA7,0.8285714285714286,False
Q9BZA8,1.0,False
Q9BZB8,0.18181818181818182,True
Q9BZC1,0.4915254237288136,False
Q9BZC7,0.0547945205479452,False
Q9BZE9,0.2978723404255319,False
Q9BZF1,0.13636363636363635,False
Q9BZF3,0.5275590551181102,False
Q9BZG1,0.3793103448275862,False
Q9BZG8,0.18181818181818182,False
Q9BZJ0,1.0,False
Q9BZL4,0.13636363636363635,False
Q9BZL6,0.25,False
Q9BZP6,0.375,False
Q9BZR8,0.35714285714285715,False
Q9BZS1,0.4,True
Q9BZW8,0.4117647058823529,False
Q9BZZ2,0.12195121951219512,False
Q9BZZ5,0.25925925925925924,False
Q9C000,0.3125,False
Q9C026,0.4827586206896552,False
Q9C029,1.0,False
Q9C030,0.4,False
Q9C035,0.6666666666666666,False
Q9C037,0.3684210526315789,False
Q9C091,0.04918032786885246,False
Q9C093,0.7142857142857143,False
Q9C0B1,0.8,False
Q9C0C7,0.2835820895522388,False
Q9C0D2,0.3953488372093023,False
Q9C0E8,0.53125,False
Q9C0G0,0.6842105263157895,True
Q9C0H2,0.37254901960784315,False
Q9C0I1,0.2,False
Q9C0I9,0.5294117647058824,False
Q9C0J8,0.6363636363636364,False
Q9C0K7,0.09090909090909091,False
Q9GZM7,0.14285714285714285,False
Q9GZM8,0.17647058823529413,False
Q9GZT6,0.375,False
Q9GZT8,0.6470588235294118,False
Q9GZU2,0.5714285714285714,True
Q9GZU7,0.42857142857142855,False
Q9GZY8,0.5454545454545454,False
Q9GZZ7,0.8,False
Q9H019,0.47058823529411764,False
Q9H040,0.75,False
Q9H074,0.15625,False
Q9H078,0.1875,False
Q9H091,0.21052631578947367,False
Q9H094,0.18518518518518517,False
Q9H0A6,0.8333333333333334,False
Q9H0A8,0.42857142857142855,False
Q9H0B3,0.625,False
Q9H0B8,0.8928571428571429,False
Q9H0E3,0.024390243902439025,False
Q9H0E9,0.2608695652173913,False
Q9H0F5,0.2727272727272727,False
Q9H0M0,0.16279069767441862,False
Q9H0M4,0.42857142857142855,False
Q9H0P0,0.058823529411764705,False
Q9H0V9,0.29411764705882354,False
Q9H0W9,0.45454545454545453,False
Q9H0X9,0.11475409836065574,False
Q9H115,0.3793103448275862,False
Q9H165,0.75,True
Q9H169,0.6190476190476191,False
Q9H171,0.7,False
Q9H1H9,0.967741935483871,False
Q9H1I8,0.13513513513513514,False
Q9H1J1,0.15789473684210525,False
Q9H1J5,0.5,False
Q9H1N7,0.29411764705882354,False
Q9H1Q7,0.14285714285714285,False
Q9H1R2,1.0,False
Q9H1X3,1.0,False
Q9H237,0.15384615384615385,False
Q9H251,0.7073170731707317,False
Q9H252,0.5588235294117647,False
Q9H254,0.6818181818181818,False
Q9H257,0.41935483870967744,False
Q9H2A2,0.6521739130434783,False
Q9H2D6,0.5714285714285714,False
Q9H2F5,0.16279069767441862,False
Q9H2J7,0.88,False
Q9H2P9,0.14285714285714285,False
Q9H2R5,0.5714285714285714,False
Q9H2U1,0.14864864864864866,False
Q9H2U2,0.5675675675675675,False
Q9H2V7,0.28888888888888886,False
Q9H2W1,1.0,False
Q9H2X0,0.9180327868852459,False
Q9H2X3,0.5,False
Q9H2X6,0.13333333333333333,False
Q9H2Y9,0.4,False
Q9H305,0.5,False
Q9H313,0.23076923076923078,False
Q9H334,0.921875,True
Q9H3D4,0.5736434108527132,True
Q9H3H1,0.7714285714285715,False
Q9H3H3,1.0,False
Q9H3R0,0.1724137931034483,False
Q9H3T2,0.07692307692307693,False
Q9H3U5,1.0,False
Q9H410,0.25,False
Q9H425,0.7,False
Q9H497,0.3333333333333333,False
Q9H4A3,0.24096385542168675,False
Q9H4A9,0.375,False
Q9H4B0,0.16666666666666666,False
Q9H4G0,0.21052631578947367,False
Q9H4I8,0.6896551724137931,False
Q9H4L5,0.4117647058823529,False
Q9H4L7,0.4098360655737705,False
Q9H4Y5,0.4375,False
Q9H582,0.75,True
Q9H5I1,0.625,False
Q9H5I5,0.044585987261146494,False
Q9H5U6,0.5789473684210527,False
Q9H5V8,0.6923076923076923,False
Q9H5V9,0.3684210526315789,False
Q9H611,0.08333333333333333,False
Q9H6D7,0.5862068965517241,False
Q9H6J7,0.3142857142857143,False
Q9H6L2,0.5,False
Q9H6Q3,0.2857142857142857,False
Q9H6Q4,0.2631578947368421,False
Q9H6R4,0.3333333333333333,False
Q9H6R7,0.6,False
Q9H6S1,0.21052631578947367,False
Q9H6S3,0.15,False
Q9H6T3,0.3181818181818182,False
Q9H6U6,0.4264705882352941,False
Q9H6U8,0.3076923076923077,False
Q9H6V9,0.6,False
Q9H6X2,0.42857142857142855,False
Q9H6X4,0.5,False
Q9H6Y5,0.5555555555555556,False
Q9H6Z4,0.16,False
Q9H706,0.16666666666666666,False
Q9H714,0.3076923076923077,False
Q9H7B4,0.21739130434782608,True
Q9H7C9,0.3333333333333333,False
Q9H7E2,0.2727272727272727,False
Q9H7H0,0.12195121951219512,False
Q9H7P9,0.08571428571428572,False
Q9H7U1,1.0,False
Q9H7X0,0.782608695652174,False
Q9H7X7,0.7272727272727273,False
Q9H857,0.1951219512195122,False
Q9H867,0.75,False
Q9H869,0.35384615384615387,False
Q9H8H2,0.6296296296296297,False
Q9H8M5,1.0,False
Q9H8V3,0.05714285714285714,False
Q9H902,0.84,False
Q9H910,0.6,False
Q9H930,0.7631578947368421,True
Q9H974,0.5714285714285714,False
Q9H977,0.2222222222222222,False
Q9H981,0.25,False
Q9H9A5,0.14666666666666667,False
Q9H9B1,1.0,False
Q9H9P2,0.47058823529411764,False
Q9H9P5,1.0,False
Q9H9Q2,0.6470588235294118,False
Q9H9R9,0.5,False
Q9H9S3,0.22857142857142856,False
Q9H9T3,0.325,False
Q9H9Y6,0.4927536231884058,False
Q9HA47,0.7037037037037037,False
Q9HA65,0.15151515151515152,False
Q9HAC7,0.14285714285714285,False
Q9HAF1,0.42857142857142855,False
Q9HAJ7,0.7,False
Q9HAP2,0.38461538461538464,True
Q9HAR2,0.06382978723404255,False
Q9HAU0,1.0,False
Q9HAV5,0.45454545454545453,False
Q9HAW4,0.10810810810810811,False
Q9HAZ2,0.11764705882352941,True
Q9HB09,0.8,False
Q9HB55,0.9107142857142857,False
Q9HB58,0.25,True
Q9HB63,0.35714285714285715,False
Q9HB71,1.0,False
Q9HB75,0.2,False
Q9HBA0,0.2361111111111111,False
Q9HBB8,0.18181818181818182,False
Q9HBD1,0.92,False
Q9HBE1,0.7647058823529411,True
Q9HBF4,0.5,False
Q9HBG6,0.2857142857142857,False
Q9HBG7,0.3,False
Q9HBI0,0.4444444444444444,False
Q9HBI1,0.1,False
Q9HBL0,0.5238095238095238,False
Q9HBM0,0.8666666666666667,False
Q9HBR0,0.2,False
Q9HBX8,0.17647058823529413,False
Q9HBX9,0.7241379310344828,False
Q9HC10,0.32432432432432434,False
Q9HC29,0.21739130434782608,False
Q9HC38,0.2631578947368421,False
Q9HC73,0.42857142857142855,False
Q9HC96,1.0,False
Q9HC98,0.28205128205128205,False
Q9HCC8,0.25,False
Q9HCC9,0.7692307692307693,False
Q9HCD6,0.09803921568627451,False
Q9HCE6,0.1111111111111111,False
Q9HCF6,0.8536585365853658,False
Q9HCG7,0.11764705882352941,False
Q9HCH5,0.5,False
Q9HCK4,0.04,False
Q9HCM2,0.8378378378378378,False
Q9HCM3,0.1,False
Q9HCM4,0.3563218390804598,False
Q9HCN2,1.0,False
Q9HCN4,0.24242424242424243,False
Q9HCN6,0.34782608695652173,False
Q9HCR9,0.24324324324324326,False
Q9HCX4,0.2727272727272727,False
Q9HD20,0.07692307692307693,False
Q9HD23,0.36363636363636365,False
Q9HD26,0.17647058823529413,False
Q9HD33,0.6666666666666666,False
Q9HD40,1.0,False
Q9HD43,0.15789473684210525,False
Q9HD47,0.75,False
Q9HD67,0.9111111111111111,False
Q9HDB5,0.5263157894736842,False
Q9NNX1,0.16666666666666666,False
Q9NNX6,1.0,False
Q9NP31,0.375,False
Q9NP64,0.2857142857142857,False
Q9NP71,0.43037974683544306,True
Q9NP72,0.55,False
Q9NP73,1.0,False
Q9NP78,0.24528301886792453,False
Q9NP80,0.3333333333333333,False
Q9NP87,0.4,False
Q9NP99,0.7,False
Q9NPA1,0.7368421052631579,False
Q9NPC7,0.8,True
Q9NPH2,0.2222222222222222,False
Q9NPH3,0.29411764705882354,False
Q9NPH5,1.0,False
Q9NPH6,0.6666666666666666,False
Q9NPI0,0.6666666666666666,False
Q9NPJ8,0.75,False
Q9NPP4,0.06666666666666667,False
Q9NPQ8,0.35714285714285715,False
Q9NQ11,0.15294117647058825,False
Q9NQ25,1.0,False
Q9NQ29,0.2631578947368421,False
Q9NQ31,0.5384615384615384,False
Q9NQ36,0.1774193548387097,False
Q9NQ38,0.17894736842105263,False
Q9NQ48,0.35714285714285715,False
Q9NQ55,1.0,False
Q9NQ60,0.6842105263157895,False
Q9NQ69,0.47058823529411764,True
Q9NQ75,0.2727272727272727,False
Q9NQ76,0.42857142857142855,False
Q9NQ79,0.13333333333333333,False
Q9NQ86,1.0,False
Q9NQ90,0.037037037037037035,False
Q9NQ94,0.2558139534883721,False
Q9NQB0,0.3467741935483871,True
Q9NQC1,0.1,False
Q9NQC3,0.34210526315789475,False
Q9NQG7,0.12,False
Q9NQI0,0.3157894736842105,False
Q9NQQ7,0.35714285714285715,False
Q9NQR9,1.0,False
Q9NQS3,0.42857142857142855,False
Q9NQV6,0.24731182795698925,True
Q9NQW1,0.7413793103448276,False
Q9NQW7,0.12195121951219512,False
Q9NQX1,0.8333333333333334,True
Q9NQX7,0.4375,False
Q9NQZ6,1.0,False
Q9NR12,0.6538461538461539,False
Q9NR16,0.14285714285714285,False
Q9NR21,0.42857142857142855,False
Q9NR28,0.45454545454545453,False
Q9NR50,0.2,False
Q9NR56,0.72,False
Q9NR63,0.2727272727272727,False
Q9NR80,0.21739130434782608,False
Q9NR81,0.25,False
Q9NR82,0.4444444444444444,False
Q9NRA0,0.47058823529411764,False
Q9NRA1,0.5,False
Q9NRA8,0.25,False
Q9NRC1,0.21739130434782608,False
Q9NRF2,0.4,False
Q9NRG1,0.7142857142857143,False
Q9NRI5,1.0,False
Q9NRL3,0.6341463414634146,False
Q9NRN5,0.6666666666666666,False
Q9NRR4,0.015384615384615385,False
Q9NRS4,0.37254901960784315,False
Q9NRY7,0.23076923076923078,False
Q9NRZ9,0.8195488721804511,False
Q9NS23,1.0,False
Q9NS61,0.8783783783783784,False
Q9NS62,0.14285714285714285,False
Q9NS68,0.6086956521739131,False
Q9NS73,0.4230769230769231,False
Q9NSC5,0.3076923076923077,False
Q9NSD5,1.0,False
Q9NSE2,0.6666666666666666,False
Q9NSG2,0.2777777777777778,False
Q9NSI6,0.9076923076923077,False
Q9NSI8,0.55,False
Q9NSK0,1.0,False
Q9NSK7,1.0,False
Q9NSP4,1.0,False
Q9NSV4,0.44680851063829785,False
Q9NSY1,0.2,False
Q9NTI5,0.06060606060606061,False
Q9NTJ4,0.21568627450980393,False
Q9NTK5,0.75,False
Q9NTN9,0.21428571428571427,False
Q9NTW7,1.0,True
Q9NTX5,1.0,False
Q9NUB1,0.4716981132075472,False
Q9NUG4,0.4444444444444444,False
Q9NUI1,0.5714285714285714,False
Q9NUJ1,0.4,False
Q9NUK0,0.6052631578947368,False
Q9NUL3,1.0,False
Q9NUL5,0.5909090909090909,False
Q9NUM3,0.4,False
Q9NUN5,0.0967741935483871,False
Q9NUQ6,0.21739130434782608,False
Q9NUT2,0.1875,False
Q9NUZ1,0.4,False
Q9NV79,0.4,False
Q9NV88,0.20408163265306123,False
Q9NV96,0.5,False
Q9NVA1,0.5555555555555556,False
Q9NVD3,0.5384615384615384,False
Q9NVF9,0.3333333333333333,False
Q9NVG8,0.2727272727272727,False
Q9NVH1,0.16129032258064516,False
Q9NVH2,0.24050632911392406,False
Q9NVH6,0.5555555555555556,False
Q9NVI1,0.6818181818181818,False
Q9NVI7,0.16129032258064516,False
Q9NVK5,0.4,False
Q9NVM4,0.030303030303030304,False
Q9NVN3,0.4230769230769231,False
Q9NVP4,0.2571428571428571,False
Q9NVQ4,0.5714285714285714,False
Q9NVS2,0.45454545454545453,False
Q9NVS9,1.0,False
Q9NVU0,0.1794871794871795,False
Q9NVV5,0.4,False
Q9NVX0,0.2727272727272727,False
Q9NVX7,0.3333333333333333,False
Q9NVZ3,0.34782608695652173,False
Q9NW15,0.36363636363636365,False
Q9NW68,0.41935483870967744,False
Q9NW81,0.6129032258064516,False
Q9NWB1,0.375,False
Q9NWM0,0.6774193548387096,False
Q9NWQ4,0.6923076923076923,False
Q9NWS1,1.0,False
Q9NWS8,0.8461538461538461,False
Q9NWU5,0.6363636363636364,False
Q9NWZ5,0.13333333333333333,False
Q9NX02,0.3191489361702128,False
Q9NX40,0.2857142857142857,False
Q9NX45,1.0,True
Q9NX65,1.0,True
Q9NX78,0.3333333333333333,False
Q9NX95,0.3548387096774194,False
Q9NXA8,0.21739130434782608,False
Q9NXC2,1.0,False
Q9NXD2,0.8285714285714286,False
Q9NXE4,0.19642857142857142,False
Q9NXG0,0.696969696969697,False
Q9NXG6,0.3333333333333333,False
Q9NXH9,0.16129032258064516,False
Q9NXL9,0.4444444444444444,False
Q9NXP7,0.7692307692307693,False
Q9NXR7,0.09090909090909091,False
Q9NXR8,0.5909090909090909,False
Q9NXT0,1.0,True
Q9NY33,0.15151515151515152,False
Q9NY35,0.5,False
Q9NY46,0.11538461538461539,False
Q9NY47,0.1099476439790576,False
Q9NYA1,0.4375,False
Q9NYB5,0.39622641509433965,False
Q9NYC9,0.7073170731707317,False
Q9NYF5,0.11475409836065574,False
Q9NYF8,0.2558139534883721,False
Q9NYI0,0.1724137931034483,False
Q9NYK6,0.4,False
Q9NYL2,0.3333333333333333,False
Q9NYN1,0.35714285714285715,False
Q9NYP7,0.8235294117647058,False
Q9NYR9,0.7,False
Q9NYS7,0.6086956521739131,False
Q9NYV4,0.14285714285714285,False
Q9NYV6,0.5333333333333333,False
Q9NYX4,1.0,False
Q9NYZ2,0.6666666666666666,False
Q9NYZ4,0.38461538461538464,False
Q9NZ09,0.29411764705882354,False
Q9NZ43,0.4,False
Q9NZ52,0.26666666666666666,False
Q9NZ71,0.3125,False
Q9NZ94,0.3333333333333333,False
Q9NZA1,0.3333333333333333,False
Q9NZB2,0.5434782608695652,False
Q9NZB8,0.35135135135135137,False
Q9NZC2,0.5384615384615384,False
Q9NZC4,0.375,True
Q9NZC7,1.0,False
Q9NZD1,1.0,False
Q9NZH6,0.5,False
Q9NZI2,0.5,False
Q9NZI5,0.7073170731707317,True
Q9NZJ7,0.25,False
Q9NZJ9,1.0,False
Q9NZL9,0.5263157894736842,False
Q9NZM1,0.905511811023622,False
Q9NZM3,0.2358490566037736,False
Q9NZM6,0.9122807017543859,False
Q9NZN8,0.5238095238095238,False
Q9NZN9,0.6428571428571429,False
Q9NZQ0,0.6470588235294118,False
Q9NZQ3,0.07692307692307693,False
Q9NZQ7,0.2727272727272727,False
Q9NZR4,0.7692307692307693,True
Q9NZS2,0.5294117647058824,False
Q9NZU7,0.38461538461538464,False
Q9P055,0.14285714285714285,False
Q9P0K1,0.12751677852348994,False
Q9P0K7,0.16417910447761194,False
Q9P0L2,0.11764705882352941,False
Q9P0N5,0.4,False
Q9P0N9,0.3684210526315789,False
Q9P0V9,0.23809523809523808,False
Q9P0W8,0.25,False
Q9P0X4,0.05555555555555555,False
Q9P121,0.4482758620689655,False
Q9P1Q0,0.15625,False
Q9P1U1,0.41935483870967744,False
Q9P1W8,1.0,False
Q9P1Y6,0.1875,False
Q9P1Z2,0.25925925925925924,False
Q9P202,1.0,False
Q9P203,1.0,False
Q9P206,0.38461538461538464,False
Q9P218,0.08823529411764706,False
Q9P225,0.7959183673469388,False
Q9P243,0.21739130434782608,True
Q9P283,0.1111111111111111,False
Q9P287,0.3181818181818182,False
Q9P289,0.3225806451612903,False
Q9P2D1,1.0,False
Q9P2D3,0.043478260869565216,False
Q9P2D6,0.30666666666666664,False
Q9P2D8,0.08783783783783784,False
Q9P2F6,0.1864406779661017,False
Q9P2H3,0.14285714285714285,False
Q9P2J5,0.0967741935483871,False
Q9P2K1,1.0,False
Q9P2K3,0.28888888888888886,False
Q9P2K8,0.64,False
Q9P2N2,0.2,False
Q9P2N6,0.15,False
Q9P2N7,0.42857142857142855,False
Q9P2R3,0.12,False
Q9P2S6,0.6666666666666666,False
Q9P2T1,0.19230769230769232,False
Q9P2U7,0.21739130434782608,False
Q9P2W1,0.55,False
Q9UBC1,0.7142857142857143,False
Q9UBC2,0.3411764705882353,False
Q9UBC3,0.24369747899159663,False
Q9UBD5,0.34545454545454546,False
Q9UBE0,0.34782608695652173,False
Q9UBF6,1.0,False
Q9UBF8,0.3,False
Q9UBI4,0.53125,False
Q9UBK2,1.0,False
Q9UBK7,0.375,False
Q9UBL0,0.7894736842105263,False
Q9UBL3,0.23255813953488372,False
Q9UBL9,0.8055555555555556,False
Q9UBM1,0.5714285714285714,False
Q9UBN4,1.0,False
Q9UBP0,0.09090909090909091,False
Q9UBP9,0.7575757575757576,False
Q9UBR5,1.0,False
Q9UBS5,0.5733333333333334,False
Q9UBT6,0.71875,False
Q9UBT7,0.10526315789473684,False
Q9UBU3,1.0,False
Q9UBU8,0.45454545454545453,False
Q9UBW5,0.13157894736842105,False
Q9UBX7,0.4,False
Q9UBY9,1.0,False
Q9UBZ9,0.09090909090909091,False
Q9UDX4,0.3,False
Q9UDY2,0.14606741573033707,False
Q9UER7,0.38461538461538464,False
Q9UF11,0.2857142857142857,False
Q9UF33,0.14285714285714285,False
Q9UFF9,0.6,False
Q9UG01,0.5873015873015873,False
Q9UGC7,0.5263157894736842,False
Q9UGI6,0.21739130434782608,False
Q9UGJ0,0.3023255813953488,False
Q9UGM3,0.6204819277108434,False
Q9UGN4,0.8181818181818182,False
Q9UGQ2,0.6,False
Q9UGV2,0.10344827586206896,False
Q9UH03,0.875,False
Q9UH17,0.5714285714285714,False
Q9UH77,0.1951219512195122,False
Q9UH92,0.34782608695652173,True
Q9UH99,0.11764705882352941,False
Q9UHB4,0.34545454545454546,False
Q9UHB6,0.6341463414634146,False
Q9UHB7,0.3125,False
Q9UHB9,0.5384615384615384,False
Q9UHC3,0.5897435897435898,False
Q9UHC7,0.7,False
Q9UHC9,0.5555555555555556,False
Q9UHD8,0.33783783783783783,False
Q9UHF0,0.35714285714285715,False
Q9UHF4,0.3333333333333333,False
Q9UHF7,0.29411764705882354,True
Q9UHH9,1.0,False
Q9UHI5,0.3142857142857143,False
Q9UHI7,0.07142857142857142,False
Q9UHJ9,0.8181818181818182,False
Q9UHK6,0.7894736842105263,False
Q9UHL9,0.11538461538461539,True
Q9UHP3,0.058823529411764705,False
Q9UHP7,0.7692307692307693,False
Q9UHQ1,0.3,False
Q9UHV5,0.21428571428571427,False
Q9UHW5,0.25,False
Q9UHW9,0.11290322580645161,False
Q9UHX1,0.3333333333333333,False
Q9UHX3,0.30973451327433627,False
Q9UI08,0.3076923076923077,False
Q9UI10,0.2894736842105263,False
Q9UI33,0.13157894736842105,False
Q9UI36,0.21739130434782608,True
Q9UIB8,0.8529411764705882,False
Q9UIC8,0.3,False
Q9UIF7,0.16129032258064516,False
Q9UIF8,0.038834951456310676,True
Q9UIG8,0.14285714285714285,False
Q9UII2,1.0,False
Q9UII6,1.0,False
Q9UIJ7,0.5384615384615384,False
Q9UIK5,0.75,False
Q9UIQ6,0.08571428571428572,False
Q9UIS9,0.42483660130718953,True
Q9UJ68,0.6363636363636364,False
Q9UJ78,0.42857142857142855,False
Q9UJ83,0.3548387096774194,False
Q9UJ98,0.03125,False
Q9UJA3,0.15492957746478872,False
Q9UJA5,0.4444444444444444,False
Q9UJG1,0.5714285714285714,False
Q9UJT1,1.0,False
Q9UJU2,0.4897959183673469,True
Q9UJU6,0.5774647887323944,False
Q9UJW0,0.23076923076923078,False
Q9UJW8,0.7692307692307693,True
Q9UJX2,0.8947368421052632,False
Q9UJX4,0.1875,False
Q9UJX5,0.07142857142857142,False
Q9UJY5,0.36507936507936506,False
Q9UK23,0.52,False
Q9UK53,1.0,False
Q9UK58,0.75,False
Q9UK61,0.4883720930232558,False
Q9UK76,0.7692307692307693,False
Q9UK80,0.08333333333333333,False
Q9UK97,0.25,False
Q9UK99,0.3225806451612903,False
Q9UKA8,1.0,False
Q9UKA9,0.4696969696969697,False
Q9UKB1,0.05714285714285714,False
Q9UKE5,0.1111111111111111,False
Q9UKG9,0.9142857142857143,False
Q9UKI8,0.12195121951219512,False
Q9UKI9,0.15384615384615385,True
Q9UKJ0,1.0,False
Q9UKJ1,0.8235294117647058,False
Q9UKJ3,0.8181818181818182,False
Q9UKP5,0.7241379310344828,False
Q9UKR0,0.6,False
Q9UKR8,0.68,False
Q9UKS7,0.8205128205128205,True
Q9UKT9,1.0,True
Q9UKU0,1.0,False
Q9UKU7,0.2631578947368421,False
Q9UKV0,0.697986577181208,False
Q9UKV3,0.41935483870967744,False
Q9UKW4,0.5846153846153846,False
Q9UKW6,1.0,True
Q9UKY7,0.5714285714285714,False
Q9UL03,0.9230769230769231,False
Q9UL40,0.5714285714285714,True
Q9UL54,0.5789473684210527,False
Q9UL68,0.8666666666666667,True
Q9ULB1,0.1724137931034483,False
Q9ULC0,0.3793103448275862,False
Q9ULC4,0.16666666666666666,False
Q9ULC5,0.15,False
Q9ULC8,0.3225806451612903,False
Q9ULD0,0.16393442622950818,False
Q9ULD2,0.391304347826087,False
Q9ULD4,0.2,False
Q9ULD6,0.5161290322580645,False
Q9ULG6,0.25,False
Q9ULH0,0.3142857142857143,False
Q9ULH7,0.46153846153846156,False
Q9ULJ1,0.13846153846153847,False
Q9ULJ8,0.30434782608695654,False
Q9ULK2,1.0,False
Q9ULK4,0.5161290322580645,False
Q9ULK6,0.5555555555555556,False
Q9ULP0,0.2524271844660194,False
Q9ULQ1,0.09090909090909091,False
Q9ULR0,1.0,False
Q9ULT0,0.12195121951219512,False
Q9ULU4,0.36182336182336183,False
Q9ULU8,0.782608695652174,False
Q9ULV0,0.673469387755102,False
Q9ULV3,0.30158730158730157,False
Q9ULV4,0.25,False
Q9ULZ0,1.0,False
Q9ULZ3,0.6,False
Q9UM11,0.35135135135135137,False
Q9UM22,1.0,False
Q9UM54,0.030303030303030304,False
Q9UMR2,0.42857142857142855,False
Q9UMR5,1.0,False
Q9UMR7,0.6,False
Q9UMS0,0.6842105263157895,False
Q9UMS6,1.0,False
Q9UMX0,0.23809523809523808,False
Q9UMX1,0.2727272727272727,False
Q9UMX9,0.38461538461538464,False
Q9UMZ2,0.23809523809523808,False
Q9UN30,0.5555555555555556,False
Q9UN36,0.29411764705882354,False
Q9UN73,1.0,False
Q9UNH5,0.3793103448275862,False
Q9UNL4,0.8666666666666667,False
Q9UNP4,0.25,False
Q9UNP9,0.2,False
Q9UNT1,0.25,False
Q9UNW1,0.7692307692307693,False
Q9UNW8,1.0,False
Q9UNZ2,0.3333333333333333,False
Q9UP65,0.25,False
Q9UP95,0.11578947368421053,False
Q9UPE1,0.2826086956521739,False
Q9UPM6,0.6470588235294118,True
Q9UPN4,0.10810810810810811,False
Q9UPP1,0.203125,False
Q9UPQ0,0.23404255319148937,False
Q9UPQ3,0.4666666666666667,False
Q9UPQ7,0.7142857142857143,False
Q9UPQ9,0.11627906976744186,False
Q9UPR0,0.2727272727272727,False
Q9UPR6,1.0,False
Q9UPT5,0.15789473684210525,False
Q9UPU7,0.15384615384615385,False
Q9UPU9,0.13043478260869565,False
Q9UPV9,0.2682926829268293,False
Q9UPW5,0.12,False
Q9UPY3,0.13725490196078433,False
Q9UQ07,0.3142857142857143,False
Q9UQ16,0.3246753246753247,False
Q9UQ26,0.7808219178082192,False
Q9UQ53,0.1724137931034483,False
Q9UQ74,0.625,False
Q9UQ88,0.10526315789473684,False
Q9UQB8,0.21428571428571427,False
Q9UQB9,0.4,False
Q9UQD0,0.18446601941747573,False
Q9UQL6,0.09210526315789473,False
Q9UQQ1,0.25,False
Q9Y210,0.25,False
Q9Y215,0.43037974683544306,False
Q9Y222,0.6226415094339622,True
Q9Y223,0.3333333333333333,False
Q9Y228,0.4,False
Q9Y232,0.42857142857142855,False
Q9Y237,0.5,False
Q9Y238,0.0684931506849315,False
Q9Y239,0.047619047619047616,False
Q9Y250,0.7142857142857143,False
Q9Y251,0.5238095238095238,False
Q9Y275,0.8,False
Q9Y279,0.45454545454545453,False
Q9Y282,0.1111111111111111,False
Q9Y283,0.8333333333333334,False
Q9Y286,1.0,False
Q9Y2C4,0.45454545454545453,False
Q9Y2C5,1.0,False
Q9Y2D2,0.55,False
Q9Y2D5,1.0,False
Q9Y2D8,0.21052631578947367,False
Q9Y2G0,0.36065573770491804,False
Q9Y2G2,0.8571428571428571,False
Q9Y2G4,0.2857142857142857,False
Q9Y2G5,0.17647058823529413,False
Q9Y2H0,0.4444444444444444,False
Q9Y2H2,1.0,False
Q9Y2I1,0.3142857142857143,False
Q9Y2I2,0.5,False
Q9Y2I7,0.5492957746478874,False
Q9Y2I8,0.15384615384615385,False
Q9Y2I9,0.29411764705882354,False
Q9Y2J2,0.1864406779661017,False
Q9Y2J4,0.4594594594594595,False
Q9Y2K5,0.37142857142857144,False
Q9Y2K7,0.7446808510638298,True
Q9Y2L9,0.1206896551724138,False
Q9Y2N7,0.16279069767441862,True
Q9Y2Q0,0.06422018348623854,False
Q9Y2Q3,0.5862068965517241,False
Q9Y2Q5,0.7272727272727273,False
Q9Y2T3,0.2682926829268293,False
Q9Y2T4,0.2222222222222222,False
Q9Y2U2,1.0,False
Q9Y2V7,1.0,False
Q9Y2W7,0.29411764705882354,True
Q9Y2X0,0.11363636363636363,False
Q9Y2X7,0.024390243902439025,False
Q9Y2Z2,0.2,False
Q9Y2Z9,0.08333333333333333,False
Q9Y303,0.34375,False
Q9Y305,0.3023255813953488,False
Q9Y316,0.19230769230769232,False
Q9Y371,0.3333333333333333,False
Q9Y383,0.2,False
Q9Y3A3,0.18181818181818182,False
Q9Y3B7,0.4,False
Q9Y3C1,0.4,False
Q9Y3C4,0.5384615384615384,False
Q9Y3E7,1.0,False
Q9Y3I1,0.3076923076923077,False
Q9Y3M8,0.23076923076923078,False
Q9Y3P9,0.4594594594594595,False
Q9Y3Q7,0.6666666666666666,False
Q9Y3R0,0.02040816326530612,False
Q9Y3S1,0.0847457627118644,False
Q9Y3V2,1.0,False
Q9Y3Y2,0.35714285714285715,False
Q9Y3Z3,0.26666666666666666,False
Q9Y421,0.7142857142857143,False
Q9Y426,0.23076923076923078,False
Q9Y448,0.4,False
Q9Y450,0.85,False
Q9Y462,0.2,True
Q9Y463,0.22580645161290322,False
Q9Y468,0.10526315789473684,True
Q9Y483,0.34146341463414637,True
Q9Y484,0.3,False
Q9Y493,0.1095890410958904,False
Q9Y4B5,0.12195121951219512,False
Q9Y4B6,0.043478260869565216,False
Q9Y4C0,0.35294117647058826,False
Q9Y4D1,0.10204081632653061,False
Q9Y4E1,0.1111111111111111,False
Q9Y4E5,0.8181818181818182,True
Q9Y4E8,0.7,False
Q9Y4F1,0.9285714285714286,False
Q9Y4F3,0.15384615384615385,False
Q9Y4F4,0.68,False
Q9Y4F5,0.23529411764705882,False
Q9Y4I1,0.07317073170731707,False
Q9Y4I5,0.5,False
Q9Y4J8,1.0,False
Q9Y4P1,0.4166666666666667,False
Q9Y4P8,0.3333333333333333,False
Q9Y4R7,0.6086956521739131,False
Q9Y4W2,0.6521739130434783,False
Q9Y4X0,0.29411764705882354,False
Q9Y520,0.04477611940298507,False
Q9Y566,0.1111111111111111,False
Q9Y570,0.21428571428571427,False
Q9Y572,0.6,False
Q9Y575,0.17647058823529413,False
Q9Y587,0.3684210526315789,False
Q9Y597,0.16666666666666666,False
Q9Y5B6,0.52,False
Q9Y5H2,1.0,False
Q9Y5H7,1.0,False
Q9Y5H9,1.0,False
Q9Y5I2,1.0,False
Q9Y5I3,1.0,False
Q9Y5K3,0.28,False
Q9Y5K5,0.2727272727272727,False
Q9Y5L3,0.2222222222222222,False
Q9Y5N1,0.6666666666666666,False
Q9Y5P2,1.0,False
Q9Y5P4,0.11764705882352941,False
Q9Y5Q8,0.13043478260869565,False
Q9Y5R5,0.6666666666666666,True
Q9Y5T5,0.058823529411764705,False
Q9Y5U5,0.5714285714285714,False
Q9Y5W7,0.17117117117117117,False
Q9Y5X5,0.7142857142857143,False
Q9Y5Z0,0.4,False
Q9Y600,0.325,False
Q9Y603,0.6981132075471698,True
Q9Y608,0.36231884057971014,False
Q9Y639,0.45454545454545453,False
Q9Y653,0.15384615384615385,False
Q9Y680,0.7142857142857143,False
Q9Y694,0.3,False
Q9Y697,0.1891891891891892,False
Q9Y6A1,0.2777777777777778,False
Q9Y6A2,0.25925925925925924,False
Q9Y6D9,0.20408163265306123,False
Q9Y6F6,0.3888888888888889,False
Q9Y6H5,0.6,False
Q9Y6I3,0.3,False
Q9Y6I7,0.375,False
Q9Y6J8,0.14285714285714285,False
Q9Y6K1,1.0,False
Q9Y6K8,0.1111111111111111,False
Q9Y6K9,0.4230769230769231,False
Q9Y6M0,0.5,False
Q9Y6M1,0.13333333333333333,False
Q9Y6M4,0.47058823529411764,False
Q9Y6M7,0.6,False
Q9Y6N7,0.14772727272727273,False
Q9Y6N9,0.46078431372549017,False
Q9Y6P5,0.25,False
Q9Y6Q2,1.0,False
Q9Y6Q3,0.75,True
Q9Y6Q6,0.42857142857142855,False
Q9Y6Q9,0.19047619047619047,True
Q9Y6R1,0.5631067961165048,False
Q9Y6S9,0.2,False
Q9Y6U3,0.5609756097560976,False
Q9Y6X6,0.20689655172413793,False
Q9Y6Y1,0.8064516129032258,True
